,rank,loo,p_loo,d_loo,weight,se,dse,warning,loo_scale,LMV,UMV,lithosphere,ice_history,esl_curve,deglacial_rate
output71Cp53_L6G_Glac_Wael_T,0,-62.3034930400614,39.79454353620051,0.0,0.11676796577891416,1.5510874508377554e-12,0.0,True,log,3e+21,5e+20,71.0,L6G,Glac,T
output71Cp340_L6G-32_Glac_Wael_T,1,-62.98395265330025,52.95911944077936,0.6804596132388525,0.059129452701957554,1.3398740842981988e-11,0.0,True,log,4e+22,3e+20,71.0,L6G-32,Glac,T
output71Cp43_Lambeck_Glac_Wael_T,2,-63.0294826676043,40.759167250615846,0.7259896275429014,0.05649765538282489,1.1238691108401036e-11,0.0,True,log,3e+21,4e+20,71.0,Lambeck,Glac,T
output71Cp53_L6G-47_Glac_Wael_T,3,-63.189179114256525,37.47124434044838,0.885686074195128,0.048158742654610766,9.718129830641907e-12,0.0,True,log,3e+21,5e+20,71.0,L6G-47,Glac,T
output71Cp410_L6G-32_Glac_Wael_S,4,-63.19405518970876,33.294289152641774,0.8905621496473657,0.04792448857615813,3.5303502453153982e-12,0.0,True,log,1e+22,4e+20,71.0,L6G-32,Glac,S
output71Cp440_L6G-32_Glac_Wael_T,5,-63.44863553362903,47.33779869606089,1.1451424935676329,0.03715306509258529,9.206539133495274e-12,0.0,True,log,4e+22,4e+20,71.0,L6G-32,Glac,T
output71Cp33_L6G-47_Glac_Wael_T,6,-63.48837541839804,38.02729404514457,1.1848823783366456,0.035705558924990215,1.1740263177308608e-11,0.0,True,log,3e+21,3e+20,71.0,L6G-47,Glac,T
output71Cp53_Lambeck_Glac_Wael_T,7,-63.70674209284461,36.61844844112259,1.4032490527832095,0.028701222405991433,1.2266064755411911e-11,0.0,True,log,3e+21,5e+20,71.0,Lambeck,Glac,T
output71Cp37_L6G_Glac_Wael_T,8,-63.7408696579783,36.482252841754146,1.4373766179169039,0.02773824506726241,1.3071891208226566e-11,0.0,True,log,7e+21,3e+20,71.0,L6G,Glac,T
output71Cp45_L6G_Glac_Wael_T,9,-63.81804965234718,37.88075583347407,1.51455661228578,0.02567793736451436,2.7021631957443134e-12,0.0,True,log,5e+21,4e+20,71.0,L6G,Glac,T
output71Cp420_L6G-32_Glac_Wael_T,10,-63.83636722838477,49.1534145099359,1.532874188323376,0.025211861516174935,1.1721860122150324e-11,0.0,True,log,2e+22,4e+20,71.0,L6G-32,Glac,T
output71Cp33_Lambeck_Glac_Wael_T,11,-63.8713488530937,51.57847989261409,1.5678558130323026,0.024345157379201482,6.4496339082508565e-12,0.0,True,log,3e+21,3e+20,71.0,Lambeck,Glac,T
output71Cp35_L6G-32_Glac_Wael_S,12,-64.06823367348852,41.4277066558557,1.7647406334271238,0.019994318011356402,4.4074639435504555e-12,0.0,True,log,5e+21,3e+20,71.0,L6G-32,Glac,S
output71Cp55_L6G_Glac_Wael_T,13,-64.22289395423124,50.550663098416514,1.9194009141698416,0.017129255558010037,5.800127013941599e-12,0.0,True,log,5e+21,5e+20,71.0,L6G,Glac,T
output71Cp43_L6G_Glac_Wael_S,14,-64.22305004325167,42.84372522395867,1.9195570031902776,0.01712658207794398,8.69914064632922e-12,0.0,True,log,3e+21,4e+20,71.0,L6G,Glac,S
output71Cp37_L6G-32_Glac_Wael_S,15,-64.33356675291134,37.443517307179434,2.0300737128499406,0.015334651236515234,1.1935022923532473e-11,0.0,True,log,7e+21,3e+20,71.0,L6G-32,Glac,S
output71Cp55_L6G-47_Glac_Wael_T,16,-64.37350259475258,41.79676865262741,2.0700095546911825,0.014734316257403941,1.3370319135565965e-11,0.0,True,log,5e+21,5e+20,71.0,L6G-47,Glac,T
output96Cp35_L6G-32_Glac_Wael_T,17,-64.46665081336651,38.83762996053895,2.163157773305116,0.013423823397100845,6.9896462353351186e-12,0.0,True,log,5e+21,3e+20,96.0,L6G-32,Glac,T
output71Cp35_L6G_Glac_Wael_T,18,-64.51467532220086,40.68879497274179,2.211182282139461,0.012794386052206468,8.358080192723097e-12,0.0,True,log,5e+21,3e+20,71.0,L6G,Glac,T
output71Cp430_L6G-32_Glac_Wael_T,19,-64.54696739521187,44.56793556862468,2.243474355150468,0.01238782842644088,2.4463683021817156e-12,0.0,True,log,3e+22,4e+20,71.0,L6G-32,Glac,T
output96Cp47_L6G-32_Glac_Wael_T,20,-64.56282119957743,38.908317665513565,2.2593281595160306,0.012192982821179919,3.6216753571089785e-12,0.0,True,log,7e+21,4e+20,96.0,L6G-32,Glac,T
output71Cp340_L6G-47_Glac_Wael_T,21,-64.58862174114097,33.6553719527385,2.2851287010795716,0.011882420822405532,2.214802967241432e-12,0.0,True,log,4e+22,3e+20,71.0,L6G-47,Glac,T
output96Cp37_L6G-32_Glac_Wael_T,22,-64.61876052332457,34.61232424198373,2.3152674832631703,0.011529641994915511,1.6596182971333312e-11,0.0,True,log,7e+21,3e+20,96.0,L6G-32,Glac,T
output71Cp310_L6G_Glac_Wael_T,23,-64.61912837534045,39.27068815455172,2.3156353352790546,0.011525401572839598,1.0840787217841987e-11,0.0,True,log,1e+22,3e+20,71.0,L6G,Glac,T
output96Cp310_L6G-32_Glac_Wael_T,24,-64.71447482444874,36.57659086698931,2.410981784387346,0.010477257783749055,1.2276083407141353e-11,0.0,True,log,1e+22,3e+20,96.0,L6G-32,Glac,T
output71Cp35_Lambeck_Glac_Wael_T,25,-64.71736107831893,44.3679419643897,2.413868038257533,0.01044706135616358,1.4990356470470457e-11,0.0,True,log,5e+21,3e+20,71.0,Lambeck,Glac,T
output71Cp43_L6G-47_Glac_Wael_T,26,-64.76268107156235,42.47633497732623,2.4591880315009575,0.00998416897121501,3.7779946139190824e-12,0.0,True,log,3e+21,4e+20,71.0,L6G-47,Glac,T
output96Cp43_L6G-47_Glac_Wael_T,27,-64.83351090567278,34.64816932219183,2.5300178656113843,0.009301455577049847,2.584284370211198e-12,0.0,True,log,3e+21,4e+20,96.0,L6G-47,Glac,T
output96Cp320_L6G-32_Glac_Wael_T,28,-64.95306516367114,34.746232175112,2.649572123609744,0.008253329078138952,3.114277360691239e-12,0.0,True,log,2e+22,3e+20,96.0,L6G-32,Glac,T
output71Cp420_L6G_Glac_Wael_T,29,-64.95995193855342,45.55485151643761,2.656458898492019,0.008196685528308463,9.163906575765621e-12,0.0,True,log,2e+22,4e+20,71.0,L6G,Glac,T
output96Cp45_L6G_Glac_Wael_T,30,-64.9705715026142,37.360528491117606,2.6670784625528086,0.008110100860681197,7.899140727956063e-12,0.0,True,log,5e+21,4e+20,96.0,L6G,Glac,T
output71Cp310_L6G-47_Glac_Wael_T,31,-64.97967683724615,42.056352801513896,2.6761837971847484,0.008036590852930089,6.709621418984473e-12,0.0,True,log,1e+22,3e+20,71.0,L6G-47,Glac,T
output71Cp43_L6G-32_Glac_Wael_S,32,-65.06622606098448,45.12184291930892,2.762733020923079,0.007370280360580238,1.869051568940054e-13,0.0,True,log,3e+21,4e+20,71.0,L6G-32,Glac,S
output96Cp420_L6G-32_Glac_Wael_T,33,-65.2827382045796,35.39901517768034,2.979245164518204,0.005935454487683567,6.4111935580497246e-12,0.0,True,log,2e+22,4e+20,96.0,L6G-32,Glac,T
output71Cp310_L6G-32_Glac_Wael_T,34,-65.34844691035336,38.34093940007508,3.0449538702919625,0.005557980911485127,5.856970411556927e-12,0.0,True,log,1e+22,3e+20,71.0,L6G-32,Glac,T
output96Cp53_Lambeck_Glac_Wael_T,35,-65.3998389653164,37.468658639949325,3.096345925255008,0.005279560427737703,5.515910032433225e-12,0.0,True,log,3e+21,5e+20,96.0,Lambeck,Glac,T
output71Cp47_L6G_Glac_Wael_T,36,-65.46742786611146,63.82988827133747,3.163934826050067,0.004934512782862469,1.351661987458038e-11,0.0,True,log,7e+21,4e+20,71.0,L6G,Glac,T
output71Cp540_L6G-32_Glac_Wael_T,37,-65.50257488362664,35.80558254067884,3.1990818435652386,0.004764091813297464,3.1100851640457867e-12,0.0,True,log,4e+22,5e+20,71.0,L6G-32,Glac,T
output71Cp415_L6G-47_Glac_Wael_T,38,-65.55425795035306,35.68827613851276,3.2507649102916645,0.0045241235007301,1.8230431194999614e-11,0.0,True,log,1.5e+22,4e+20,71.0,L6G-47,Glac,T
output96Cp330_L6G-32_Glac_Wael_T,39,-65.59091195448828,44.68207369280132,3.2874189144268797,0.004361298581277996,5.497506983282593e-12,0.0,True,log,3e+22,3e+20,96.0,L6G-32,Glac,T
output96Cp55_L6G-32_Glac_Wael_T,40,-65.59570439544939,38.64568342743381,3.292211355387991,0.0043404473194427915,2.072694813138829e-12,0.0,True,log,5e+21,5e+20,96.0,L6G-32,Glac,T
output71Cp43_L6G-47_Glac_Wael_S,41,-65.62807249764393,38.4366482414882,3.32457945758253,0.004202204672552694,9.504967039214373e-12,0.0,True,log,3e+21,4e+20,71.0,L6G-47,Glac,S
output96Cp57_L6G-32_Glac_Wael_T,42,-65.64061926186749,37.4792914950783,3.3371262218060878,0.004149809980567225,3.991157255153797e-12,0.0,True,log,7e+21,5e+20,96.0,L6G-32,Glac,T
output96Cp410_L6G-32_Glac_Wael_T,43,-65.64076640521996,32.783614111347376,3.337273365158566,0.004149199408535457,1.1797106590958385e-11,0.0,True,log,1e+22,4e+20,96.0,L6G-32,Glac,T
output71Cp510_L6G-32_Glac_Wael_T,44,-65.64429763208383,36.89701016318316,3.3408045920224367,0.004134573483049847,9.537580946217923e-12,0.0,True,log,1e+22,5e+20,71.0,L6G-32,Glac,T
output71Cp320_L6G-32_Glac_Wael_T,45,-65.68695673481757,31.95334508371476,3.3834636947561734,0.003961905405020794,6.368561007161511e-12,0.0,True,log,2e+22,3e+20,71.0,L6G-32,Glac,T
output96Cp35_L6G_Glac_Wael_T,46,-65.69358359385949,38.701054581852574,3.390090553798089,0.0039357372185714395,1.3800836949539207e-11,0.0,True,log,5e+21,3e+20,96.0,L6G,Glac,T
output96Cp45_L6G-32_Glac_Wael_T,47,-65.71687329378453,39.051946235722525,3.4133802537231333,0.0038451342332314425,2.939555144297698e-12,0.0,True,log,5e+21,4e+20,96.0,L6G-32,Glac,T
output96Cp37_L6G_Glac_Wael_T,48,-65.73714271397172,32.010031249766726,3.433649673910324,0.003767980167412606,1.0205491030707424e-11,0.0,True,log,7e+21,3e+20,96.0,L6G,Glac,T
output96Cp510_L6G-32_Glac_Wael_T,49,-65.74607207527954,31.939538841738482,3.442579035218145,0.003734484282090692,1.543089294246064e-11,0.0,True,log,1e+22,5e+20,96.0,L6G-32,Glac,T
output71Cp45_Lambeck_Glac_Wael_T,50,-65.78315541969245,49.613276967943335,3.4796623796310513,0.0035985334503294965,1.6221413658527001e-12,0.0,True,log,5e+21,4e+20,71.0,Lambeck,Glac,T
output71Cp315_Lambeck_Glac_Wael_T,51,-65.82634097967296,34.7252662820127,3.522847939611566,0.0034464365995610004,1.2777655483715045e-11,0.0,True,log,1.5e+22,3e+20,71.0,Lambeck,Glac,T
output71Cp43_Lambeck_Glac_Wael_S,52,-65.85255941787109,41.35015033698832,3.5490663778096945,0.0033572506811731942,3.100066524665163e-12,0.0,True,log,3e+21,4e+20,71.0,Lambeck,Glac,S
output71Cp315_L6G-32_Glac_Wael_S,53,-65.87672604694522,37.837043461207145,3.573233006883825,0.0032770897601750015,8.784405760453378e-12,0.0,True,log,1.5e+22,3e+20,71.0,L6G-32,Glac,S
output96Cp33_L6G-47_Glac_Wael_T,54,-65.88031252841185,37.766291552933865,3.576819488350452,0.003265357589667979,7.377531419279845e-12,0.0,True,log,3e+21,3e+20,96.0,L6G-47,Glac,T
output96Cp330_L6G-47_Glac_Wael_T,55,-65.90080843972763,36.79934323759862,3.597315399666229,0.0031991123078292214,2.754814322658895e-12,0.0,True,log,3e+22,3e+20,96.0,L6G-47,Glac,T
output96Cp43_Lambeck_Glac_Wael_T,56,-65.9467629241214,45.78260176632235,3.643269884060004,0.0030554255621202324,1.712617677426128e-11,0.0,True,log,3e+21,4e+20,96.0,Lambeck,Glac,T
output71Cp315_L6G-32_Glac_Wael_T,57,-65.95105464003703,43.3876730962388,3.6475615999756315,0.003042340642068985,1.5530368920196668e-11,0.0,True,log,1.5e+22,3e+20,71.0,L6G-32,Glac,T
output71Cp33_L6G-32_Glac_Wael_S,58,-65.95189898297141,44.1141975937813,3.648405942910017,0.003039772947403956,1.2318715967707536e-11,0.0,True,log,3e+21,3e+20,71.0,L6G-32,Glac,S
output71Cp330_L6G_Glac_Wael_T,59,-66.0134359529128,42.67415242689296,3.709942912851403,0.0028583537703461438,8.453363956465533e-12,0.0,True,log,3e+22,3e+20,71.0,L6G,Glac,T
output71Cp415_L6G-32_Glac_Wael_T,60,-66.05530071990506,55.18809401298245,3.7518076798436653,0.002741159722780847,7.643345396875483e-12,0.0,True,log,1.5e+22,4e+20,71.0,L6G-32,Glac,T
output96Cp415_L6G-32_Glac_Wael_T,61,-66.07270817624338,31.907936647300772,3.769215136181984,0.0026938560176691818,3.839030181489358e-12,0.0,True,log,1.5e+22,4e+20,96.0,L6G-32,Glac,T
output96Cp430_L6G-32_Glac_Wael_T,62,-66.09905509618949,40.6733182385414,3.795562056128091,0.002623808035116932,1.643986357674059e-11,0.0,True,log,3e+22,4e+20,96.0,L6G-32,Glac,T
output71Cp57_L6G_Glac_Wael_T,63,-66.1498913538338,50.27608890791815,3.846398313772397,0.002493757111577539,1.43408493940735e-11,0.0,True,log,7e+21,5e+20,71.0,L6G,Glac,T
output96Cp33_L6G_Glac_Wael_T,64,-66.19253191060625,41.93257949777717,3.8890388705448515,0.0023896571329613454,7.089122192851673e-12,0.0,True,log,3e+21,3e+20,96.0,L6G,Glac,T
output96Cp53_L6G_Glac_Wael_T,65,-66.19580910705412,44.55308393283385,3.89231606699272,0.002381838575565784,7.543869435773776e-12,0.0,True,log,3e+21,5e+20,96.0,L6G,Glac,T
output71Cp35_L6G_Glac_Wael_S,66,-66.2079089228954,44.97442566213314,3.9044158828340016,0.002353192423515356,1.5084551180428226e-12,0.0,True,log,5e+21,3e+20,71.0,L6G,Glac,S
output71Cp510_L6G_Glac_Wael_T,67,-66.23839662930405,36.50708930707855,3.9349035892426514,0.0022825316001880507,8.169146914418047e-12,0.0,True,log,1e+22,5e+20,71.0,L6G,Glac,T
output71Cp315_L6G_Glac_Wael_T,68,-66.27020411388693,54.97690095033888,3.966711073825536,0.0022110725031604505,2.3184708960548982e-12,0.0,True,log,1.5e+22,3e+20,71.0,L6G,Glac,T
output71Cp515_L6G-32_Glac_Wael_T,69,-66.3069353585195,36.799343277748555,4.003442318458099,0.0021313305343775954,9.025990251925375e-12,0.0,True,log,1.5e+22,5e+20,71.0,L6G-32,Glac,T
output71Cp53_L6G-32_Glac_Wael_S,70,-66.30931140124243,44.61288140357076,4.005818361181028,0.0021262724135059216,6.112765705715623e-12,0.0,True,log,3e+21,5e+20,71.0,L6G-32,Glac,S
output71Cp430_L6G_Glac_Wael_T,71,-66.34703871918073,36.541734497333685,4.043545679119333,0.0020475482218966787,5.980675857013074e-12,0.0,True,log,3e+22,4e+20,71.0,L6G,Glac,T
output71Cp410_L6G-47_Glac_Wael_T,72,-66.37703493197242,44.59868566342293,4.07354189191102,0.0019870415519914514,3.3800910775200625e-12,0.0,True,log,1e+22,4e+20,71.0,L6G-47,Glac,T
output71Cp520_L6G-32_Glac_Wael_T,73,-66.40556676428352,43.85387784321021,4.102073724222123,0.0019311487690366743,4.701699510148219e-12,0.0,True,log,2e+22,5e+20,71.0,L6G-32,Glac,T
output71Cp53_L6G-47_Glac_Wael_S,74,-66.4229396334075,40.30284960617729,4.1194465933460975,0.0018978889202402134,8.89390037823954e-12,0.0,True,log,3e+21,5e+20,71.0,L6G-47,Glac,S
output71Cp35_L6G-47_Glac_Wael_T,75,-66.43349481984039,60.78700878709742,4.130001779778993,0.0018779617016232055,9.504967039214373e-12,0.0,True,log,5e+21,3e+20,71.0,L6G-47,Glac,T
output96Cp33_L6G-32_Glac_Wael_S,76,-66.4344220705133,39.26465287477432,4.1309290304519095,0.0018762211674519377,4.919054413692598e-12,0.0,True,log,3e+21,3e+20,96.0,L6G-32,Glac,S
output96Cp440_L6G_Glac_Wael_T,77,-66.45509850589303,32.09148963563904,4.151605465831636,0.0018378259081434283,4.995014358435525e-13,0.0,True,log,4e+22,4e+20,96.0,L6G,Glac,T
output71Cp55_Lambeck_Glac_Wael_T,78,-66.48490592015601,34.23815235651508,4.181412880094612,0.0017838534556509436,4.190109070116516e-12,0.0,True,log,5e+21,5e+20,71.0,Lambeck,Glac,T
output96Cp315_L6G-32_Glac_Wael_T,79,-66.49138938791539,42.192417633600606,4.187896347853993,0.0017723253108437326,3.2421748922984256e-12,0.0,True,log,1.5e+22,3e+20,96.0,L6G-32,Glac,T
output71Cp410_L6G_Glac_Wael_T,80,-66.54786981040905,46.60851759399888,4.244376770347657,0.0016749980428643642,1.2777655483715045e-11,0.0,True,log,1e+22,4e+20,71.0,L6G,Glac,T
output71Cp45_L6G-47_Glac_Wael_T,81,-66.56967221472988,50.13691364775298,4.26617917466848,0.001638874281647318,5.885392110518489e-12,0.0,True,log,5e+21,4e+20,71.0,L6G-47,Glac,T
output96Cp57_L6G_Glac_Wael_T,82,-66.58011361195246,34.87693204266911,4.276620571891058,0.0016218511714606045,4.668892999366767e-13,0.0,True,log,7e+21,5e+20,96.0,L6G,Glac,T
output96Cp33_L6G_Glac_Wael_S,83,-66.58701804132119,40.52586406342417,4.28352500125979,0.0016106917835351584,3.796397654484037e-12,0.0,True,log,3e+21,3e+20,96.0,L6G,Glac,S
output96Cp33_Lambeck_Glac_Wael_T,84,-66.60595863220247,37.503836973597814,4.3024655921410755,0.0015804714285644296,3.4979699907956502e-12,0.0,True,log,3e+21,3e+20,96.0,Lambeck,Glac,T
output71Cp320_L6G_Glac_Wael_T,85,-66.60672467981377,40.19008409950875,4.303231639752369,0.001579261175816637,3.67851872179531e-12,0.0,True,log,2e+22,3e+20,71.0,L6G,Glac,T
output71Cp340_L6G_Glac_Wael_T,86,-66.61855010566785,42.87953069939951,4.315057065606453,0.001560695728388672,1.1214461603552501e-11,0.0,True,log,4e+22,3e+20,71.0,L6G,Glac,T
output71Cp320_L6G-47_Glac_Wael_T,87,-66.64210280552065,42.96166705209487,4.338609765459253,0.0015243666338534234,7.6575562485079e-12,0.0,True,log,2e+22,3e+20,71.0,L6G-47,Glac,T
output71Cp47_L6G-32_Glac_Wael_T,88,-66.66888618018586,32.90278948327264,4.365393140124468,0.001484080853958247,3.5263916709710206e-12,0.0,True,log,7e+21,4e+20,71.0,L6G-32,Glac,T
output71Cp330_L6G-32_Glac_Wael_T,89,-66.70057257038488,38.892053763208814,4.397079530323481,0.0014377929106483597,1.1868160858090802e-11,0.0,True,log,3e+22,3e+20,71.0,L6G-32,Glac,T
output71Cp55_L6G-47_Glac_Wael_S,90,-66.72623897138051,48.06803095641459,4.422745931319113,0.0014013594985997952,7.1064758548018916e-12,0.0,True,log,5e+21,5e+20,71.0,L6G-47,Glac,S
output96Cp510_L6G_Glac_Wael_T,91,-66.73707067403464,35.4915075359054,4.433577633973243,0.0013862623009845982,1.726828531531221e-11,0.0,True,log,1e+22,5e+20,96.0,L6G,Glac,T
output96Cp47_L6G_Glac_Wael_T,92,-66.78395753862078,37.83192210788709,4.480464498559385,0.001322765034228422,1.4649295977025272e-11,0.0,True,log,7e+21,4e+20,96.0,L6G,Glac,T
output71Cp35_L6G-32_Glac_Wael_T,93,-66.85062965060186,34.47043596327383,4.547136610540463,0.0012374491907583933,1.4151916092454827e-11,0.0,True,log,5e+21,3e+20,71.0,L6G-32,Glac,T
output71Cp320_Lambeck_Glac_Wael_T,94,-66.86070125856126,33.18700071049109,4.557208218499866,0.0012250486392092255,3.9583990803545184e-13,0.0,True,log,2e+22,3e+20,71.0,Lambeck,Glac,T
output71Cp515_L6G_Glac_Wael_T,95,-66.94420682338627,40.07643835645018,4.64071378332487,0.0011269050529000683,3.199542380334039e-12,0.0,True,log,1.5e+22,5e+20,71.0,L6G,Glac,T
output96Cp37_L6G-47_Glac_Wael_T,96,-66.95081146374761,33.77358579155447,4.647318423686215,0.0011194867747998608,8.33967713921912e-12,0.0,True,log,7e+21,3e+20,96.0,L6G-47,Glac,T
output71Cp410_L6G-32_Glac_Wael_T,97,-67.00434694606872,45.32523246979024,4.700853906007325,0.0010611305126666888,2.721489987862709e-13,0.0,True,log,1e+22,4e+20,71.0,L6G-32,Glac,T
output71Cp330_L6G_Glac_Wael_S,98,-67.01296735588576,45.59515430117168,4.709474315824366,0.001052022446810877,1.4322446338354926e-11,0.0,True,log,3e+22,3e+20,71.0,L6G,Glac,S
output96Cp515_L6G-32_Glac_Wael_T,99,-67.0522781271329,33.81027002578034,4.7487850870714965,0.001011468949943168,1.1991866337350536e-11,0.0,True,log,1.5e+22,5e+20,96.0,L6G-32,Glac,T
output96Cp340_L6G_Glac_Wael_T,100,-67.08260744607082,37.28918660451821,4.779114406009427,0.0009812523266064836,1.469192853865585e-11,0.0,True,log,4e+22,3e+20,96.0,L6G,Glac,T
output71Cp57_L6G_Glac_Wael_S,101,-67.11480453293946,40.157115023924064,4.811311492878062,0.000950162054079975,5.942235508742047e-12,0.0,True,log,7e+21,5e+20,71.0,L6G,Glac,S
output71Cp55_L6G-32_Glac_Wael_S,102,-67.13004509035308,35.65070421480479,4.826552050291681,0.0009357908455280497,9.836008854846668e-12,0.0,True,log,5e+21,5e+20,71.0,L6G-32,Glac,S
output71Cp530_L6G-32_Glac_Wael_T,103,-67.19505930717364,43.68359154063071,4.891566267112239,0.0008768866872416481,1.1778703535783764e-11,0.0,True,log,3e+22,5e+20,71.0,L6G-32,Glac,T
output96Cp55_L6G-47_Glac_Wael_T,104,-67.223425604513,32.36349460008776,4.919932564451599,0.0008523621385039892,8.528610418930719e-12,0.0,True,log,5e+21,5e+20,96.0,L6G-47,Glac,T
output96Cp415_L6G_Glac_Wael_T,105,-67.24117407846711,34.523145444161045,4.937681038405714,0.000837367471139253,1.053234065054829e-11,0.0,True,log,1.5e+22,4e+20,96.0,L6G,Glac,T
output71Cp55_L6G-32_Glac_Wael_T,106,-67.25610390108261,32.86106888565864,4.952610861021213,0.0008249585850589636,1.5321398312760315e-11,0.0,True,log,5e+21,5e+20,71.0,L6G-32,Glac,T
output71Cp33_L6G_Glac_Wael_T,107,-67.25835707283927,29.68134955662439,4.954864032777877,0.000823101904170693,8.25441202665444e-12,0.0,True,log,3e+21,3e+20,71.0,L6G,Glac,T
output71Cp57_Lambeck_Glac_Wael_T,108,-67.2739446166118,37.44010976663952,4.970451576550403,0.0008103712448293058,8.500188714478146e-12,0.0,True,log,7e+21,5e+20,71.0,Lambeck,Glac,T
output96Cp57_L6G_Glac_Wael_S,109,-67.28728555605201,42.248442134992544,4.983792515990615,0.000799631926706468,5.189060518973908e-12,0.0,True,log,7e+21,5e+20,96.0,L6G,Glac,S
output96Cp440_L6G-32_Glac_Wael_T,110,-67.32880825054549,42.231618973198906,5.025315210484095,0.0007671089480573694,1.4279813776855981e-11,0.0,True,log,4e+22,4e+20,96.0,L6G-32,Glac,T
output96Cp55_L6G_Glac_Wael_T,111,-67.37693140365901,35.40062667677325,5.073438363597617,0.0007310674179900993,4.094825359761822e-12,0.0,True,log,5e+21,5e+20,96.0,L6G,Glac,T
output71Cp45_L6G_Glac_Wael_S,112,-67.3919546042949,35.24025359641235,5.088461564233498,0.0007201665336013948,1.3853488162762474e-11,0.0,True,log,5e+21,4e+20,71.0,L6G,Glac,S
output96Cp45_Lambeck_Glac_Wael_T,113,-67.3969286098048,38.37255576463335,5.093435569743406,0.0007165933152659683,9.789184094734653e-12,0.0,True,log,5e+21,4e+20,96.0,Lambeck,Glac,T
output71Cp440_L6G_Glac_Wael_T,114,-67.39802726109538,37.10737875706138,5.094534221033982,0.0007158064614136123,1.027235309404454e-11,0.0,True,log,4e+22,4e+20,71.0,L6G,Glac,T
output96Cp315_L6G_Glac_Wael_T,115,-67.40827071121514,41.68681575635925,5.104777671153741,0.0007085115598970904,7.226750588895028e-13,0.0,True,log,1.5e+22,3e+20,96.0,L6G,Glac,T
output71Cp37_L6G-47_Glac_Wael_T,116,-67.42448065233296,55.09362628628369,5.120987612271563,0.0006971192133189449,1.049519245724288e-12,0.0,True,log,7e+21,3e+20,71.0,L6G-47,Glac,T
output96Cp43_L6G_Glac_Wael_T,117,-67.44604015820332,41.693253065014495,5.14254711814192,0.0006822505242663039,6.905427800723017e-12,0.0,True,log,3e+21,4e+20,96.0,L6G,Glac,T
output96Cp43_L6G_Glac_Wael_S,118,-67.48476335612688,33.788592899755564,5.181270316065479,0.0006563365757139108,7.12173609622103e-12,0.0,True,log,3e+21,4e+20,96.0,L6G,Glac,S
output71Cp420_L6G-47_Glac_Wael_T,119,-67.49401286541062,37.22166333636188,5.190519825349227,0.0006502937740204699,5.217482215075317e-12,0.0,True,log,2e+22,4e+20,71.0,L6G-47,Glac,T
output96Cp35_L6G-32_Glac_Wael_S,120,-67.4946550731263,46.37050668524118,5.191162033064899,0.0006498762844131537,1.636352152592376e-12,0.0,True,log,5e+21,3e+20,96.0,L6G-32,Glac,S
output96Cp330_L6G-32_Glac_Wael_S,121,-67.51500970664726,29.683650235372227,5.211516666585865,0.0006367820075026525,7.70018880347342e-12,0.0,True,log,3e+22,3e+20,96.0,L6G-32,Glac,S
output71Cp43_L6G_Glac_Wael_T,122,-67.56732447772119,48.10834451639258,5.263831437659789,0.0006043252875471546,1.0944455391895407e-11,0.0,True,log,3e+21,4e+20,71.0,L6G,Glac,T
output71Cp57_L6G-32_Glac_Wael_T,123,-67.57566240209235,42.669710673387584,5.272169362030951,0.0005993074173853986,1.0428672477384523e-11,0.0,True,log,7e+21,5e+20,71.0,L6G-32,Glac,T
output71Cp35_Lambeck_Glac_Wael_S,124,-67.59546575875117,37.103099989287955,5.291972718689777,0.0005875558630128611,1.688040005275616e-11,0.0,True,log,5e+21,3e+20,71.0,Lambeck,Glac,S
output96Cp35_L6G-47_Glac_Wael_T,125,-67.63024095528297,35.25872261238995,5.326747915221574,0.0005674746796172992,6.382771857437904e-12,0.0,True,log,5e+21,3e+20,96.0,L6G-47,Glac,T
output71Cp55_L6G_Glac_Wael_S,126,-67.6608126420125,44.4091351481115,5.3573196019511045,0.000550388528460828,3.1426990332504482e-12,0.0,True,log,5e+21,5e+20,71.0,L6G,Glac,S
output96Cp520_L6G-32_Glac_Wael_T,127,-67.72868431161191,42.03929939988913,5.425191271550517,0.0005142722397793442,7.42016397353733e-12,0.0,True,log,2e+22,5e+20,96.0,L6G-32,Glac,T
output71Cp53_Lambeck_Glac_Wael_S,128,-67.75897468206304,52.98237086992369,5.455481642001644,0.000498928303049868,1.9726763089407854e-11,0.0,True,log,3e+21,5e+20,71.0,Lambeck,Glac,S
output96Cp53_Lambeck_Glac_Wael_S,129,-67.77068744445093,37.84102897667086,5.467194404389531,0.0004931185648482398,3.3658802386643863e-12,0.0,True,log,3e+21,5e+20,96.0,Lambeck,Glac,S
output71Cp45_L6G-32_Glac_Wael_T,130,-67.79122139880877,27.97432151086118,5.4877283587473755,0.00048309614287707657,1.0821327926835022e-12,0.0,True,log,5e+21,4e+20,71.0,L6G-32,Glac,T
output96Cp320_L6G_Glac_Wael_T,131,-67.8554477596194,40.851979324301695,5.5519547195579975,0.0004530440342502596,7.889122077423102e-12,0.0,True,log,2e+22,3e+20,96.0,L6G,Glac,T
output71Cp315_L6G-47_Glac_Wael_T,132,-67.86442000080496,42.41390144125181,5.560926960743558,0.00044899739476641625,1.6553550409158035e-11,0.0,True,log,1.5e+22,3e+20,71.0,L6G-47,Glac,T
output71Cp530_L6G_Glac_Wael_T,133,-67.88060347289662,41.714022619834694,5.577110432835227,0.00044178953933621853,4.815386284113826e-12,0.0,True,log,3e+22,5e+20,71.0,L6G,Glac,T
output96Cp340_L6G-32_Glac_Wael_T,134,-67.91113995094481,42.638213111482806,5.6076469108834175,0.00042850274122859834,7.42016397353733e-12,0.0,True,log,4e+22,3e+20,96.0,L6G-32,Glac,T
output96Cp55_L6G_Glac_Wael_S,135,-67.9537856178036,39.0026154145836,5.650292577742206,0.0004106131245625831,1.019128017772704e-11,0.0,True,log,5e+21,5e+20,96.0,L6G,Glac,S
output96Cp310_L6G_Glac_Wael_T,136,-67.96660047025114,39.661076591130225,5.66310743018974,0.00040538474993312266,1.2806077190940089e-11,0.0,True,log,1e+22,3e+20,96.0,L6G,Glac,T
output96Cp53_L6G-47_Glac_Wael_T,137,-67.97997042318323,39.39619247901905,5.676477383121835,0.00040000084637581564,1.1214461603552501e-11,0.0,True,log,3e+21,5e+20,96.0,L6G-47,Glac,T
output71Cp45_L6G-32_Glac_Wael_S,138,-68.1073442182615,47.01223375436136,5.803851178200105,0.0003521625532357094,1.0798154658320489e-11,0.0,True,log,5e+21,4e+20,71.0,L6G-32,Glac,S
output71Cp37_L6G-32_Glac_Wael_T,139,-68.12835011697595,41.05558039711532,5.8248570769145545,0.00034484221660800344,1.5871429415793185e-11,0.0,True,log,7e+21,3e+20,71.0,L6G-32,Glac,T
output71Cp415_L6G_Glac_Wael_T,140,-68.1432407483271,43.633323919275604,5.839747708265705,0.0003397453403165502,1.764249282527598e-12,0.0,True,log,1.5e+22,4e+20,71.0,L6G,Glac,T
output96Cp45_L6G-47_Glac_Wael_T,141,-68.18140288125208,36.34699179470053,5.877909841190686,0.00032702421004013034,1.0020749942346251e-11,0.0,True,log,5e+21,4e+20,96.0,L6G-47,Glac,T
output71Cp57_L6G-32_Glac_Wael_S,142,-68.19188470263197,35.48958692029193,5.8883916625705695,0.00032361430292226394,4.303795827793878e-12,0.0,True,log,7e+21,5e+20,71.0,L6G-32,Glac,S
output71Cp33_Lambeck_Glac_Wael_S,143,-68.33390365888155,43.938529250077806,6.030410618820156,0.00028076932573432585,1.1522908174839426e-11,0.0,True,log,3e+21,3e+20,71.0,Lambeck,Glac,S
output96Cp43_L6G-47_Glac_Wael_S,144,-68.34143203916462,50.37725760245807,6.037938999103218,0.0002786635240621369,7.51963993390749e-12,0.0,True,log,3e+21,4e+20,96.0,L6G-47,Glac,S
output71Cp47_L6G-47_Glac_Wael_T,145,-68.36933309985994,43.78872346154123,6.065840059798546,0.000270995979877265,1.195342597875082e-11,0.0,True,log,7e+21,4e+20,71.0,L6G-47,Glac,T
output96Cp410_L6G_Glac_Wael_T,146,-68.3746166838125,43.532654684831975,6.071123643751108,0.0002695679258107106,5.952254157719807e-12,0.0,True,log,1e+22,4e+20,96.0,L6G,Glac,T
output96Cp53_L6G-32_Glac_Wael_T,147,-68.41673606703809,37.97258832851111,6.11324302697669,0.00025844968147304884,1.248924621021664e-11,0.0,True,log,3e+21,5e+20,96.0,L6G-32,Glac,T
output71Cp520_L6G_Glac_Wael_T,148,-68.4524252003991,42.646128130571896,6.148932160337708,0.0002493884910998979,1.764249282527598e-12,0.0,True,log,2e+22,5e+20,71.0,L6G,Glac,T
output96Cp47_L6G-47_Glac_Wael_T,149,-68.48222454687942,38.148717320945664,6.178731506818025,0.00024206651393162223,1.1257094163410316e-11,0.0,True,log,7e+21,4e+20,96.0,L6G-47,Glac,T
output96Cp410_L6G-32_Glac_Wael_S,150,-68.48535853692184,34.9081558461392,6.181865496860439,0.00024130906742224676,3.47956695313701e-12,0.0,True,log,1e+22,4e+20,96.0,L6G-32,Glac,S
output96Cp340_L6G-47_Glac_Wael_T,151,-68.51081899537907,32.84862927169813,6.207325955317671,0.00023524278084914916,3.0005906774393038e-12,0.0,True,log,4e+22,3e+20,96.0,L6G-47,Glac,T
output96Cp35_Lambeck_Glac_Wael_T,152,-68.5354329589073,39.30535843187825,6.231939918845896,0.0002295232031226779,9.277593396509061e-12,0.0,True,log,5e+21,3e+20,96.0,Lambeck,Glac,T
output96Cp515_L6G-47_Glac_Wael_S,153,-68.54323394747922,31.19846309606718,6.239740907417826,0.0002277396609789239,7.7951719656144e-13,0.0,True,log,1.5e+22,5e+20,96.0,L6G-47,Glac,S
output71Cp53_L6G_Glac_Wael_S,154,-68.57185088830767,44.31652123115458,6.268357848246268,0.00022131481672222345,1.0319177854722494e-11,0.0,True,log,3e+21,5e+20,71.0,L6G,Glac,S
output71Cp33_L6G_Glac_Wael_S,155,-68.57599895212917,50.3552509091536,6.272505912067771,0.00022039869012719642,4.914862213753253e-12,0.0,True,log,3e+21,3e+20,71.0,L6G,Glac,S
output96Cp310_L6G-47_Glac_Wael_T,156,-68.58630609058822,33.7574562727441,6.282813050526826,0.00021813867745162376,2.2005921495467842e-12,0.0,True,log,1e+22,3e+20,96.0,L6G-47,Glac,T
output96Cp420_L6G_Glac_Wael_T,157,-68.59326126618352,31.717224247289806,6.289768226122121,0.00021662674860608924,2.0869056261402575e-12,0.0,True,log,2e+22,4e+20,96.0,L6G,Glac,T
output96Cp315_L6G-47_Glac_Wael_T,158,-68.59475616160904,46.36864995801642,6.291263121547644,0.00021630315619923618,1.312873462288189e-11,0.0,True,log,1.5e+22,3e+20,96.0,L6G-47,Glac,T
output71Cp33_L6G-47_Glac_Wael_S,159,-68.6549949322943,42.851744241461724,6.351501892232903,0.0002036580076427858,1.7600570975282864e-12,0.0,True,log,3e+21,3e+20,71.0,L6G-47,Glac,S
output71Cp510_L6G-47_Glac_Wael_T,160,-68.67726203653277,39.844488177620434,6.3737689964713695,0.00019917325014163703,3.0858556888112197e-12,0.0,True,log,1e+22,5e+20,71.0,L6G-47,Glac,T
output96Cp530_L6G-32_Glac_Wael_T,161,-68.70886894782882,34.33417080785192,6.4053759077674215,0.00019297644568999433,1.2564492679845253e-11,0.0,True,log,3e+22,5e+20,96.0,L6G-32,Glac,T
output71Cp57_L6G-47_Glac_Wael_T,162,-68.75059737397007,37.4670583308005,6.447104333908669,0.00018508954079042762,2.0111121059260398e-13,0.0,True,log,7e+21,5e+20,71.0,L6G-47,Glac,T
output96Cp540_L6G-32_Glac_Wael_T,163,-68.76293687985866,34.235697182495485,6.45944383979726,0.000182819660712763,1.0854998071023892e-11,0.0,True,log,4e+22,5e+20,96.0,L6G-32,Glac,T
output96Cp430_L6G_Glac_Wael_T,164,-68.78150911060789,33.598243168582236,6.478016070546488,0.0001794556272862153,2.744795686907704e-12,0.0,True,log,3e+22,4e+20,96.0,L6G,Glac,T
output71Cp540_L6G_Glac_Wael_T,165,-68.78512130225627,42.36177588667648,6.481628262194874,0.00017880856852171704,3.5121808308241498e-12,0.0,True,log,4e+22,5e+20,71.0,L6G,Glac,T
output71Cp520_L6G-47_Glac_Wael_T,166,-68.79326999602353,32.91895086210929,6.489776955962128,0.00017735743271434727,5.7675131147488716e-12,0.0,True,log,2e+22,5e+20,71.0,L6G-47,Glac,T
output71Cp510_L6G_Glac_Wael_S,167,-68.79588742625872,39.44823463756167,6.492394386197319,0.00017689381901047483,8.940725137049473e-12,0.0,True,log,1e+22,5e+20,71.0,L6G,Glac,S
output71Cp430_L6G-32_Glac_Wael_S,168,-68.81947921175558,40.95562935323682,6.5159861716941805,0.00017276942023430178,8.358080192723097e-12,0.0,True,log,3e+22,4e+20,71.0,L6G-32,Glac,S
output71Cp47_Lambeck_Glac_Wael_T,169,-68.85001139118972,39.42583426787666,6.546518351128327,0.00016757410897172106,1.085919027271332e-11,0.0,True,log,7e+21,4e+20,71.0,Lambeck,Glac,T
output96Cp53_L6G-32_Glac_Wael_S,170,-68.85381568719,38.58144765880711,6.550322647128596,0.00016693781854515506,7.619115894868734e-12,0.0,True,log,3e+21,5e+20,96.0,L6G-32,Glac,S
output96Cp510_L6G-47_Glac_Wael_T,171,-68.88903802550631,30.71663283151713,6.585544985444912,0.00016116022568850682,1.0252900243300388e-12,0.0,True,log,1e+22,5e+20,96.0,L6G-47,Glac,T
output96Cp55_Lambeck_Glac_Wael_T,172,-68.93222857517033,35.34881526798499,6.62873553510893,0.00015434780208865804,4.644856124335776e-12,0.0,True,log,5e+21,5e+20,96.0,Lambeck,Glac,T
output71Cp37_L6G-47_Glac_Wael_S,173,-68.97732423907085,35.02420061630389,6.673831199009456,0.00014754199500536519,6.762272620970502e-12,0.0,True,log,7e+21,3e+20,71.0,L6G-47,Glac,S
output71Cp530_L6G-47_Glac_Wael_T,174,-69.0221716988618,35.207108863158474,6.7186786588004,0.00014107129309309438,9.750743737843317e-12,0.0,True,log,3e+22,5e+20,71.0,L6G-47,Glac,T
output71Cp47_L6G-32_Glac_Wael_S,175,-69.05679113853125,50.7482883771882,6.753298098469855,0.0001362710541800446,4.222722958284344e-12,0.0,True,log,7e+21,4e+20,71.0,L6G-32,Glac,S
output96Cp515_L6G_Glac_Wael_T,176,-69.05992926851422,39.54728700704456,6.756436228452827,0.00013584408818688296,1.0584991861271725e-11,0.0,True,log,1.5e+22,5e+20,96.0,L6G,Glac,T
output71Cp340_Lambeck_Glac_Wael_T,177,-69.07992962380422,40.69023374770665,6.7764365837428215,0.00013315414770898143,7.377531419279845e-12,0.0,True,log,4e+22,3e+20,71.0,Lambeck,Glac,T
output96Cp510_L6G-32_Glac_Wael_S,178,-69.10274939849235,45.526996574232655,6.799256358430952,0.00013015000732688692,9.962857524497085e-12,0.0,True,log,1e+22,5e+20,96.0,L6G-32,Glac,S
output96Cp57_L6G-47_Glac_Wael_T,179,-69.10456650385738,34.02937198052338,6.801073463795987,0.0001299137257895261,6.311717606255818e-12,0.0,True,log,7e+21,5e+20,96.0,L6G-47,Glac,T
output96Cp310_L6G-32_Glac_Wael_S,180,-69.10946376343486,46.01976973631315,6.805970723373463,0.00012927905988193531,5.6011751256837974e-12,0.0,True,log,1e+22,3e+20,96.0,L6G-32,Glac,S
output71Cp310_Lambeck_Glac_Wael_T,181,-69.17237372361278,48.327657000959334,6.868880683551382,0.00012139665960238702,1.5672477459935625e-11,0.0,True,log,1e+22,3e+20,71.0,Lambeck,Glac,T
output71Cp47_L6G_Glac_Wael_S,182,-69.26321768046837,42.37471642820678,6.959724640406975,0.0001108545970113338,6.558147787128983e-13,0.0,True,log,7e+21,4e+20,71.0,L6G,Glac,S
output71Cp410_Lambeck_Glac_Wael_T,183,-69.27242632227637,37.62586845393263,6.9689332822149765,0.00010983846252453275,8.414923601322182e-12,0.0,True,log,1e+22,4e+20,71.0,Lambeck,Glac,T
output96Cp53_L6G_Glac_Wael_S,184,-69.27555302891139,35.00133684984732,6.972059988849992,0.0001094955662224157,1.0130244564231646e-11,0.0,True,log,3e+21,5e+20,96.0,L6G,Glac,S
output96Cp415_L6G-47_Glac_Wael_T,185,-69.32727922564956,38.51135004219634,7.023786185588165,0.00010397576681323328,1.5753168322235235e-12,0.0,True,log,1.5e+22,4e+20,96.0,L6G-47,Glac,T
output96Cp47_Lambeck_Glac_Wael_T,186,-69.32837869572614,37.45582514835521,7.024885655664747,0.00010386151139065656,1.5468952708809302e-12,0.0,True,log,7e+21,4e+20,96.0,Lambeck,Glac,T
output96Cp43_L6G-32_Glac_Wael_S,187,-69.33869380481956,42.943173145648714,7.035200764758159,0.00010279567512926648,5.942235508742047e-12,0.0,True,log,3e+21,4e+20,96.0,L6G-32,Glac,S
output96Cp33_L6G-47_Glac_Wael_S,188,-69.35744275774918,35.91438939783151,7.053949717687786,0.00010088631900059857,5.895410759426501e-12,0.0,True,log,3e+21,3e+20,96.0,L6G-47,Glac,S
output71Cp57_L6G-47_Glac_Wael_S,189,-69.35831411811913,49.93382856785118,7.054821078057728,0.00010079844894914628,1.2493438412016493e-11,0.0,True,log,7e+21,5e+20,71.0,L6G-47,Glac,S
output96Cp520_L6G-47_Glac_Wael_S,190,-69.46802053943172,34.291285984751035,7.1645274993703225,9.032520501659393e-05,1.0854998071023892e-11,0.0,True,log,2e+22,5e+20,96.0,L6G-47,Glac,S
output96Cp37_Lambeck_Glac_Wael_T,191,-69.65306740283779,34.199018193251035,7.349574362776394,7.50661468913467e-05,1.6411441868647716e-11,0.0,True,log,7e+21,3e+20,96.0,Lambeck,Glac,T
output96Cp57_Lambeck_Glac_Wael_T,192,-69.70370403973743,39.2182122954264,7.400210999676034,7.135968303524974e-05,1.643986357674059e-11,0.0,True,log,7e+21,5e+20,96.0,Lambeck,Glac,T
output96Cp45_L6G-32_Glac_Wael_S,193,-69.76966022086381,35.835929641114056,7.466167180802415,6.680492900797163e-05,1.0727100392533003e-11,0.0,True,log,5e+21,4e+20,96.0,L6G-32,Glac,S
output96Cp410_L6G-47_Glac_Wael_T,194,-69.77632544588118,38.51335865433133,7.472832405819787,6.636113974445315e-05,1.6969857379223277e-11,0.0,True,log,1e+22,4e+20,96.0,L6G-47,Glac,T
output71Cp510_L6G-32_Glac_Wael_S,195,-69.79006189146318,42.18752527104319,7.486568851401785,6.545580583018092e-05,3.2705965676971134e-12,0.0,True,log,1e+22,5e+20,71.0,L6G-32,Glac,S
output96Cp35_L6G-47_Glac_Wael_S,196,-69.84798406972807,35.82548999009369,7.544491029666673,6.1772174761878e-05,2.2568933951393195e-11,0.0,True,log,5e+21,3e+20,96.0,L6G-47,Glac,S
output71Cp45_Lambeck_Glac_Wael_S,197,-69.86738134865345,47.87834688232296,7.563888308592055,6.0585508909570596e-05,9.021798050438051e-12,0.0,True,log,5e+21,4e+20,71.0,Lambeck,Glac,S
output96Cp33_Lambeck_Glac_Wael_S,198,-69.87981734064272,42.736776242616735,7.5763243005813194,5.983673353842216e-05,1.3213999744932721e-11,0.0,True,log,3e+21,3e+20,96.0,Lambeck,Glac,S
output96Cp33_L6G-32_Glac_Wael_T,199,-69.92465829376822,30.22451294651325,7.62116525370682,5.7212865387688396e-05,1.408979729300127e-12,0.0,True,log,3e+21,3e+20,96.0,L6G-32,Glac,T
output96Cp330_L6G_Glac_Wael_T,200,-69.9263675748236,36.142598063778735,7.622874534762204,5.711515605089393e-05,2.0352040677102224e-11,0.0,True,log,3e+22,3e+20,96.0,L6G,Glac,T
output71Cp410_L6G_Glac_Wael_S,201,-69.93299830910982,45.74653821176593,7.629505269048423,5.673769343754214e-05,1.9489897116567e-12,0.0,True,log,1e+22,4e+20,71.0,L6G,Glac,S
output71Cp340_L6G-32_Glac_Wael_S,202,-69.95704238837232,37.89629069822871,7.653549348310918,5.538975771422896e-05,1.5062458158315963e-11,0.0,True,log,4e+22,3e+20,71.0,L6G-32,Glac,S
output96Cp37_L6G-32_Glac_Wael_S,203,-70.00632668026097,36.35611966240088,7.702833640199572,5.272609034333635e-05,1.4942443433781522e-12,0.0,True,log,7e+21,3e+20,96.0,L6G-32,Glac,S
output96Cp55_L6G-32_Glac_Wael_S,204,-70.00802248031121,41.74518785018297,7.704529440249814,5.263675320704414e-05,1.0869208924209807e-11,0.0,True,log,5e+21,5e+20,96.0,L6G-32,Glac,S
output71Cp45_L6G-47_Glac_Wael_S,205,-70.05589287814882,48.743448174903165,7.7523998380874275,5.017637046843539e-05,4.5595910471621386e-12,0.0,True,log,5e+21,4e+20,71.0,L6G-47,Glac,S
output96Cp315_L6G_Glac_Wael_S,206,-70.066417526417,36.052134491475485,7.762924486355601,4.9651051067869866e-05,2.939555144297698e-12,0.0,True,log,1.5e+22,3e+20,96.0,L6G,Glac,S
output96Cp53_L6G-47_Glac_Wael_S,207,-70.13419594172201,37.67305808716538,7.830702901660615,4.639729427563148e-05,5.994886706695752e-12,0.0,True,log,3e+21,5e+20,96.0,L6G-47,Glac,S
output71Cp540_L6G-47_Glac_Wael_T,208,-70.15069909400354,36.51239259017906,7.847206053942145,4.5637876293845955e-05,4.450096480097896e-12,0.0,True,log,4e+22,5e+20,71.0,L6G-47,Glac,T
output96Cp315_L6G-32_Glac_Wael_S,209,-70.17825805068368,35.4800897364642,7.8747650106222835,4.439731681621392e-05,2.04427318887582e-12,0.0,True,log,1.5e+22,3e+20,96.0,L6G-32,Glac,S
output71Cp420_L6G-47_Glac_Wael_S,210,-70.1922246678233,38.71794154981379,7.888731627761899,4.378154661320388e-05,8.608084482981785e-13,0.0,True,log,2e+22,4e+20,71.0,L6G-47,Glac,S
output96Cp530_L6G-47_Glac_Wael_S,211,-70.19540543799651,33.28690245902964,7.891912397935116,4.364250881644682e-05,1.2242399778515143e-12,0.0,True,log,3e+22,5e+20,96.0,L6G-47,Glac,S
output96Cp510_Lambeck_Glac_Wael_T,212,-70.24721816521792,35.76572068785808,7.943725125156519,4.143885308344596e-05,1.4379289753711264e-11,0.0,True,log,1e+22,5e+20,96.0,Lambeck,Glac,T
output96Cp55_L6G-47_Glac_Wael_S,213,-70.28680061229267,37.13733527706041,7.9833075722312685,3.983064034179732e-05,1.2351329876557348e-11,0.0,True,log,5e+21,5e+20,96.0,L6G-47,Glac,S
output71Cp420_Lambeck_Glac_Wael_T,214,-70.31983121102098,40.84886454137479,8.016338170959585,3.8536501197838845e-05,4.985916450513755e-12,0.0,True,log,2e+22,4e+20,71.0,Lambeck,Glac,T
output71Cp37_Lambeck_Glac_Wael_T,215,-70.32225941841466,45.26073057083005,8.018766378353263,3.8443040098090644e-05,5.8385673615336785e-12,0.0,True,log,7e+21,3e+20,71.0,Lambeck,Glac,T
output96Cp520_L6G_Glac_Wael_T,216,-70.33934825997123,35.82640853774587,8.035855219909834,3.7791674470270105e-05,8.400712749159391e-12,0.0,True,log,2e+22,5e+20,96.0,L6G,Glac,T
output96Cp420_L6G-47_Glac_Wael_S,217,-70.3534359850477,34.8788604605377,8.049942944986299,3.7263008345071527e-05,9.590232155629083e-12,0.0,True,log,2e+22,4e+20,96.0,L6G-47,Glac,S
output71Cp37_L6G_Glac_Wael_S,218,-70.35861290753252,38.24484094605398,8.05511986747112,3.7070599112885607e-05,1.0603394916046053e-11,0.0,True,log,7e+21,3e+20,71.0,L6G,Glac,S
output96Cp510_L6G-47_Glac_Wael_S,219,-70.3614594739169,40.34345005924284,8.057966433855498,3.696522523960916e-05,1.0162858471780833e-11,0.0,True,log,1e+22,5e+20,96.0,L6G-47,Glac,S
output71Cp330_Lambeck_Glac_Wael_T,220,-70.41375987036439,39.93594249253283,8.11026683030299,3.508161541366156e-05,1.2659776453104884e-11,0.0,True,log,3e+22,3e+20,71.0,Lambeck,Glac,T
output96Cp540_L6G-47_Glac_Wael_S,221,-70.41855461407167,33.42440178490301,8.11506157401027,3.4913810670774246e-05,1.4231904940343722e-12,0.0,True,log,4e+22,5e+20,96.0,L6G-47,Glac,S
output71Cp57_Lambeck_Glac_Wael_S,222,-70.43949873427655,38.20415207894726,8.136005694215157,3.4190176020854376e-05,1.5932465033730327e-11,0.0,True,log,7e+21,5e+20,71.0,Lambeck,Glac,S
output96Cp320_L6G-47_Glac_Wael_T,223,-70.5346361860515,38.62653372076468,8.231143145990103,3.1087347393320133e-05,9.973925182008141e-12,0.0,True,log,2e+22,3e+20,96.0,L6G-47,Glac,T
output96Cp530_L6G_Glac_Wael_T,224,-70.5439378507037,41.7130445629016,8.240444810642302,3.079952400647506e-05,1.5895276148807393e-12,0.0,True,log,3e+22,5e+20,96.0,L6G,Glac,T
output71Cp47_L6G-47_Glac_Wael_S,225,-70.59236751476128,42.08096674658365,8.288874474699881,2.934345641897319e-05,4.303795827793878e-12,0.0,True,log,7e+21,4e+20,71.0,L6G-47,Glac,S
output96Cp520_Lambeck_Glac_Wael_S,226,-70.59401235036313,30.7079584395959,8.290519310301733,2.9295230929542815e-05,6.520688160375321e-12,0.0,True,log,2e+22,5e+20,96.0,Lambeck,Glac,S
output71Cp330_L6G-47_Glac_Wael_T,227,-70.59671623161637,47.172617514983955,8.293223191554972,2.921612709571555e-05,5.8811999099152964e-12,0.0,True,log,3e+22,3e+20,71.0,L6G-47,Glac,T
output96Cp430_L6G-47_Glac_Wael_T,228,-70.62007695381189,39.86433942501207,8.316583913750492,2.8541527512175302e-05,1.410928353102015e-11,0.0,True,log,3e+22,4e+20,96.0,L6G-47,Glac,T
output71Cp430_L6G-47_Glac_Wael_T,229,-70.6422072019152,43.8049445907782,8.338714161853801,2.7916834230719957e-05,4.08061451584494e-12,0.0,True,log,3e+22,4e+20,71.0,L6G-47,Glac,T
output71Cp520_Lambeck_Glac_Wael_S,230,-70.64513789242304,37.865769129145036,8.34164485236164,2.7835138400692694e-05,4.165879580451301e-12,0.0,True,log,2e+22,5e+20,71.0,Lambeck,Glac,S
output71Cp540_L6G_Glac_Wael_S,231,-70.66192935581896,40.86834486925572,8.358436315757558,2.7371647924969122e-05,1.1697630617104511e-11,0.0,True,log,4e+22,5e+20,71.0,L6G,Glac,S
output96Cp420_Lambeck_Glac_Wael_S,232,-70.69704649102712,32.53802165910139,8.393553450965726,2.6427115761230784e-05,1.0617605769158578e-11,0.0,True,log,2e+22,4e+20,96.0,Lambeck,Glac,S
output96Cp515_L6G_Glac_Wael_S,233,-70.6972642661564,34.068195605699714,8.393771226094998,2.6421361219304678e-05,5.301697458023026e-12,0.0,True,log,1.5e+22,5e+20,96.0,L6G,Glac,S
output96Cp415_L6G-32_Glac_Wael_S,234,-70.77492738706577,35.28337922124048,8.471434347004376,2.4447053542819404e-05,1.0201298829077708e-11,0.0,True,log,1.5e+22,4e+20,96.0,L6G-32,Glac,S
output71Cp515_L6G-47_Glac_Wael_T,235,-70.7993220273879,38.505190096912564,8.495828987326504,2.385789187533781e-05,7.263844608494001e-12,0.0,True,log,1.5e+22,5e+20,71.0,L6G-47,Glac,T
output96Cp440_L6G_Glac_Wael_S,236,-70.80295972316827,36.83589915052037,8.499466683106874,2.3771261785212184e-05,9.34525784470027e-14,0.0,True,log,4e+22,4e+20,96.0,L6G,Glac,S
output96Cp310_Lambeck_Glac_Wael_T,237,-70.84619756790542,37.51614569726289,8.542704527844023,2.2765347158339364e-05,1.2148185725593543e-11,0.0,True,log,1e+22,3e+20,96.0,Lambeck,Glac,T
output96Cp57_Lambeck_Glac_Wael_S,238,-70.8506268557948,34.131887788707616,8.547133815733403,2.26647358645618e-05,3.2279640548238146e-12,0.0,True,log,7e+21,5e+20,96.0,Lambeck,Glac,S
output96Cp540_L6G-32_Glac_Wael_S,239,-70.85984128867881,36.775782112837234,8.556348248617411,2.245685241203385e-05,1.2006077190812513e-11,0.0,True,log,4e+22,5e+20,96.0,L6G-32,Glac,S
output71Cp310_L6G_Glac_Wael_S,240,-70.92293458939821,35.88059843909451,8.619441549336813,2.1083747791276385e-05,7.344917515350363e-12,0.0,True,log,1e+22,3e+20,71.0,L6G,Glac,S
output96Cp440_L6G-47_Glac_Wael_S,241,-70.98118208674477,36.74447121952732,8.67768904668337,1.98907539769229e-05,1.59140619777957e-11,0.0,True,log,4e+22,4e+20,96.0,L6G-47,Glac,S
output71Cp540_Lambeck_Glac_Wael_T,242,-71.00846194756726,33.34105507960444,8.704968907505858,1.93554713896397e-05,9.19232828091211e-12,0.0,True,log,4e+22,5e+20,71.0,Lambeck,Glac,T
output71Cp310_L6G-32_Glac_Wael_S,243,-71.02840358727202,49.70464688086759,8.724910547210627,1.897331463327837e-05,2.8542901450359405e-12,0.0,True,log,1e+22,3e+20,71.0,L6G-32,Glac,S
output71Cp515_L6G-32_Glac_Wael_S,244,-71.0572010291301,43.846021594179035,8.753707989068701,1.843472394554536e-05,1.1669208910317782e-11,0.0,True,log,1.5e+22,5e+20,71.0,L6G-32,Glac,S
output96Cp57_L6G-32_Glac_Wael_S,245,-71.09411228058067,34.23195515235764,8.790619240519277,1.7766680225202607e-05,1.658197211727376e-11,0.0,True,log,7e+21,5e+20,96.0,L6G-32,Glac,S
output71Cp415_Lambeck_Glac_Wael_T,246,-71.10783245977309,46.01052714125518,8.804339419711695,1.7524582796663058e-05,9.025990251925375e-12,0.0,True,log,1.5e+22,4e+20,71.0,Lambeck,Glac,T
output71Cp53_L6G-32_Glac_Wael_T,247,-71.11922579861641,31.674434221078286,8.815732758555015,1.7326052396404103e-05,4.094825359761822e-12,0.0,True,log,3e+21,5e+20,71.0,L6G-32,Glac,T
output96Cp515_L6G-32_Glac_Wael_S,248,-71.13256708229488,41.95029119137162,8.829074042233486,1.7096435712785788e-05,1.6681448095714077e-11,0.0,True,log,1.5e+22,5e+20,96.0,L6G-32,Glac,S
output71Cp320_L6G_Glac_Wael_S,249,-71.16373306728137,42.64087639267155,8.860240027219973,1.6571825907613114e-05,1.0901822832286552e-11,0.0,True,log,2e+22,3e+20,71.0,L6G,Glac,S
output96Cp37_L6G_Glac_Wael_S,250,-71.2554715721968,33.87052970439079,8.9519785321354,1.5119200827520004e-05,1.000653908943047e-11,0.0,True,log,7e+21,3e+20,96.0,L6G,Glac,S
output96Cp540_L6G_Glac_Wael_T,251,-71.27367124093361,40.516195690668866,8.970178200872212,1.4846525210287919e-05,4.862211025007791e-12,0.0,True,log,4e+22,5e+20,96.0,L6G,Glac,T
output96Cp415_Lambeck_Glac_Wael_T,252,-71.28412152213963,39.13211938647489,8.980628482078231,1.4692182712781173e-05,8.58126162651623e-12,0.0,True,log,1.5e+22,4e+20,96.0,Lambeck,Glac,T
output96Cp540_Lambeck_Glac_Wael_S,253,-71.29947205139196,32.676408102974584,8.995979011330562,1.446837213254856e-05,1.1238691108401036e-11,0.0,True,log,4e+22,5e+20,96.0,Lambeck,Glac,S
output96Cp47_Lambeck_Glac_Wael_S,254,-71.3007221654939,34.70384539049243,8.997229125432497,1.4450296317285039e-05,1.9774113274514694e-12,0.0,True,log,7e+21,4e+20,96.0,Lambeck,Glac,S
output96Cp410_L6G-47_Glac_Wael_S,255,-71.34060495733586,32.84210327423896,9.037111917274459,1.3885319471616611e-05,7.728610506840032e-12,0.0,True,log,1e+22,4e+20,96.0,L6G-47,Glac,S
output96Cp35_L6G_Glac_Wael_S,256,-71.34738130890618,37.43894110182765,9.043888268844782,1.3791545745906512e-05,3.767975970280735e-12,0.0,True,log,5e+21,3e+20,96.0,L6G,Glac,S
output96Cp33_Colleoni_Glac_Wael_T,257,-71.38260309581844,29.17163494998453,9.079110055757042,1.3314238019590338e-05,8.789913362134629e-13,0.0,True,log,3e+21,3e+20,96.0,Colleoni,Glac,T
output96Cp430_L6G_Glac_Wael_S,258,-71.4423767245048,35.628091294798494,9.1388836844434,1.254171592193761e-05,2.2332059768561424e-12,0.0,True,log,3e+22,4e+20,96.0,L6G,Glac,S
output96Cp530_L6G-32_Glac_Wael_S,259,-71.49837372240435,37.47552069860662,9.194880682342955,1.1858718836424202e-05,5.39803104283739e-12,0.0,True,log,3e+22,5e+20,96.0,L6G-32,Glac,S
output96Cp43_L6G-32_Glac_Wael_T,260,-71.51170715071719,31.450261189185063,9.208214110655788,1.1701650912841283e-05,5.956446358359482e-12,0.0,True,log,3e+21,4e+20,96.0,L6G-32,Glac,T
output71Cp415_L6G_Glac_Wael_S,261,-71.52126503050603,41.98744827635353,9.217771990444632,1.1590340732128121e-05,1.9722570887403682e-11,0.0,True,log,1.5e+22,4e+20,71.0,L6G,Glac,S
output71Cp510_Lambeck_Glac_Wael_T,262,-71.54525818537263,38.883617676132886,9.241765145311234,1.1315561484260956e-05,1.3189770239408405e-11,0.0,True,log,1e+22,5e+20,71.0,Lambeck,Glac,T
output71Cp515_L6G_Glac_Wael_S,263,-71.5775886484756,41.737645735415626,9.2740956084142,1.0955574765925368e-05,7.8849298761378e-12,0.0,True,log,1.5e+22,5e+20,71.0,L6G,Glac,S
output96Cp47_L6G-32_Glac_Wael_S,264,-71.5934522710789,40.00229169696635,9.289959231017505,1.0783150911835633e-05,2.2005921495467842e-12,0.0,True,log,7e+21,4e+20,96.0,L6G-32,Glac,S
output96Cp440_Lambeck_Glac_Wael_S,265,-71.5979478417705,32.92025048900969,9.294454801709108,1.0734783296107658e-05,1.2294486462449377e-11,0.0,True,log,4e+22,4e+20,96.0,Lambeck,Glac,S
output71Cp320_L6G-32_Glac_Wael_S,266,-71.70560710569708,48.504078077864065,9.402114065635686,9.639121565226437e-06,4.0848483285471987e-14,0.0,True,log,2e+22,3e+20,71.0,L6G-32,Glac,S
output71Cp33_Colleoni_Glac_Wael_T,267,-71.70703735718374,37.935678672300526,9.40354431712234,9.625345051569018e-06,1.8026894910690119e-12,0.0,True,log,3e+21,3e+20,71.0,Colleoni,Glac,T
output96Cp515_Lambeck_Glac_Wael_T,268,-71.72067698327467,33.84431992621118,9.417183943213274,9.494950233889493e-06,1.028656394705218e-11,0.0,True,log,1.5e+22,5e+20,96.0,Lambeck,Glac,T
output71Cp520_L6G-47_Glac_Wael_S,269,-71.73044247864246,38.1283136607603,9.426949438581062,9.402678613689052e-06,4.748524249805554e-12,0.0,True,log,2e+22,5e+20,71.0,L6G-47,Glac,S
output96Cp310_L6G_Glac_Wael_S,270,-71.74133578302856,35.75732553012968,9.437842742967163,9.300808233399518e-06,9.149695723202357e-12,0.0,True,log,1e+22,3e+20,96.0,L6G,Glac,S
output96Cp420_Lambeck_Glac_Wael_T,271,-71.75542593848736,33.39743642885645,9.451932898425966,9.170677334719107e-06,1.827145136789993e-13,0.0,True,log,2e+22,4e+20,96.0,Lambeck,Glac,T
output96Cp520_L6G_Glac_Wael_S,272,-71.75617364714965,43.37565452595866,9.452680607088254,9.163822902715223e-06,1.5918254179726568e-11,0.0,True,log,2e+22,5e+20,96.0,L6G,Glac,S
output96Cp410_Lambeck_Glac_Wael_S,273,-71.77110737981701,33.04334350381924,9.467614339755613,9.027989594841625e-06,4.705891709883498e-12,0.0,True,log,1e+22,4e+20,96.0,Lambeck,Glac,S
output71Cp43_L6G-32_Glac_Wael_T,274,-71.77718198469852,29.46839319792656,9.473688944637118,8.973314358535581e-06,5.511717832043034e-12,0.0,True,log,3e+21,4e+20,71.0,L6G-32,Glac,T
output71Cp440_L6G-32_Glac_Wael_S,275,-71.79766378229769,48.517699483392306,9.494170742236292,8.791394136282514e-06,7.377531419279845e-12,0.0,True,log,4e+22,4e+20,71.0,L6G-32,Glac,S
output71Cp315_L6G_Glac_Wael_S,276,-71.89013352797103,39.79944277896276,9.586640487909634,8.014910009655927e-06,5.568561227388727e-12,0.0,True,log,1.5e+22,3e+20,71.0,L6G,Glac,S
output96Cp315_Lambeck_Glac_Wael_T,277,-71.90425297521082,34.99728426225211,9.600759935149426,7.902539085151217e-06,3.7922054560402754e-12,0.0,True,log,1.5e+22,3e+20,96.0,Lambeck,Glac,T
output71Cp415_L6G-32_Glac_Wael_S,278,-71.94089273780074,45.166594952079635,9.63739969773934,7.618232203007792e-06,5.781723964053153e-12,0.0,True,log,1.5e+22,4e+20,71.0,L6G-32,Glac,S
output96Cp37_L6G-47_Glac_Wael_S,279,-71.95166769655296,36.69431759637484,9.648174656491562,7.536586718537027e-06,1.2465016704903335e-11,0.0,True,log,7e+21,3e+20,96.0,L6G-47,Glac,S
output96Cp440_Lambeck_Glac_Wael_T,280,-71.99429840714694,36.69833207851073,9.690805367085545,7.222048793631322e-06,1.7723032647332678e-11,0.0,True,log,4e+22,4e+20,96.0,Lambeck,Glac,T
output96Cp430_L6G-47_Glac_Wael_S,281,-72.04413867415276,34.50273476325467,9.740645634091365,6.870922743095934e-06,1.6638815533518685e-11,0.0,True,log,3e+22,4e+20,96.0,L6G-47,Glac,S
output96Cp430_L6G-32_Glac_Wael_S,282,-72.0468603368342,38.98921698338029,9.743367296772803,6.852247834006221e-06,4.303795827793878e-12,0.0,True,log,3e+22,4e+20,96.0,L6G-32,Glac,S
output96Cp320_L6G_Glac_Wael_S,283,-72.07496015921834,46.804446588630604,9.771467119156938,6.662380992277762e-06,1.6287736384227835e-11,0.0,True,log,2e+22,3e+20,96.0,L6G,Glac,S
output96Cp440_L6G-32_Glac_Wael_S,284,-72.10408117952106,36.77371922090027,9.800588139459663,6.47116339890583e-06,6.766464821948205e-12,0.0,True,log,4e+22,4e+20,96.0,L6G-32,Glac,S
output71Cp515_Lambeck_Glac_Wael_S,285,-72.14286301330151,36.57882808134398,9.83936997324011,6.225003925337917e-06,3.5121808308241498e-12,0.0,True,log,1.5e+22,5e+20,71.0,Lambeck,Glac,S
output96Cp57_L6G-47_Glac_Wael_S,286,-72.17925967740632,34.07269267700573,9.875766637344924,6.002508161657972e-06,8.396520547773019e-12,0.0,True,log,7e+21,5e+20,96.0,L6G-47,Glac,S
output96Cp320_L6G-32_Glac_Wael_S,287,-72.18236771615625,40.90998086784744,9.878874676094853,5.983881095510572e-06,1.806409314697138e-11,0.0,True,log,2e+22,3e+20,96.0,L6G-32,Glac,S
output96Cp330_Lambeck_Glac_Wael_T,288,-72.19338819959243,35.008700448242855,9.889895159531036,5.918297876168307e-06,6.54910986135544e-12,0.0,True,log,3e+22,3e+20,96.0,Lambeck,Glac,T
output96Cp420_L6G-47_Glac_Wael_T,289,-72.19411175949963,39.599817806692066,9.890618719438237,5.9140171819603075e-06,2.3094735563047275e-11,0.0,True,log,2e+22,4e+20,96.0,L6G-47,Glac,T
output71Cp420_L6G-32_Glac_Wael_S,290,-72.19556438378439,39.85689465946241,9.89207134372299,5.90543257359593e-06,4.303795827793878e-12,0.0,True,log,2e+22,4e+20,71.0,L6G-32,Glac,S
output71Cp45_Colleoni_Glac_Wael_T,291,-72.20957475321936,33.69753025081447,9.90608171315796,5.823272174278282e-06,1.577195343783238e-11,0.0,True,log,5e+21,4e+20,71.0,Colleoni,Glac,T
output71Cp420_L6G_Glac_Wael_S,292,-72.21207127650793,38.32278444653888,9.90857823644653,5.80875237173547e-06,1.1807125242619359e-11,0.0,True,log,2e+22,4e+20,71.0,L6G,Glac,S
output96Cp440_L6G-47_Glac_Wael_T,293,-72.23564026471539,40.849895986329386,9.932147224653988,5.673446727583573e-06,7.207001203419752e-12,0.0,True,log,4e+22,4e+20,96.0,L6G-47,Glac,T
output96Cp540_Lambeck_Glac_Wael_T,294,-72.2488679474524,38.73845743170343,9.945374907390999,5.598894338960032e-06,1.0759714300516687e-11,0.0,True,log,4e+22,5e+20,96.0,Lambeck,Glac,T
output96Cp430_Lambeck_Glac_Wael_T,295,-72.2663287787657,38.847110694855196,9.9628357387043,5.501981540603749e-06,1.3796644747677773e-11,0.0,True,log,3e+22,4e+20,96.0,Lambeck,Glac,T
output96Cp37_Lambeck_Glac_Wael_S,296,-72.27964748688012,43.711335842408914,9.976154446818725,5.4291880878431825e-06,3.67851872179531e-12,0.0,True,log,7e+21,3e+20,96.0,Lambeck,Glac,S
output96Cp330_L6G-47_Glac_Wael_S,297,-72.29474736885223,34.720233822235066,9.99125432879083,5.347823829817628e-06,1.0802346860005152e-11,0.0,True,log,3e+22,3e+20,96.0,L6G-47,Glac,S
output71Cp410_Lambeck_Glac_Wael_S,298,-72.30128433785362,38.07804940799683,9.997791297792219,5.312979284154238e-06,1.5226658942016924e-12,0.0,True,log,1e+22,4e+20,71.0,Lambeck,Glac,S
output71Cp515_Lambeck_Glac_Wael_T,299,-72.32725512852737,39.52788864859785,10.023762088465972,5.176773354770101e-06,2.2332059768561424e-12,0.0,True,log,1.5e+22,5e+20,71.0,Lambeck,Glac,T
output96Cp45_L6G_Glac_Wael_S,300,-72.39786852325872,41.37573490578417,10.094375483197325,4.823831662439085e-06,6.762272620970502e-12,0.0,True,log,5e+21,4e+20,96.0,L6G,Glac,S
output96Cp530_Lambeck_Glac_Wael_T,301,-72.45862414778443,37.91850158034265,10.155131107723037,4.539482135352153e-06,5.146427975097834e-12,0.0,True,log,3e+22,5e+20,96.0,Lambeck,Glac,T
output71Cp530_L6G-47_Glac_Wael_S,302,-72.47700932232239,41.17229846810689,10.17351628226099,4.456785489492789e-06,1.4900521651437324e-12,0.0,True,log,3e+22,5e+20,71.0,L6G-47,Glac,S
output96Cp510_Lambeck_Glac_Wael_S,303,-72.48677995828746,34.486330487712216,10.18328691822606,4.413451903981706e-06,1.021970188369263e-11,0.0,True,log,1e+22,5e+20,96.0,Lambeck,Glac,S
output96Cp515_Lambeck_Glac_Wael_S,304,-72.48934096244741,31.5201359247721,10.185847922386017,4.4021634962954355e-06,5.74328361674682e-12,0.0,True,log,1.5e+22,5e+20,96.0,Lambeck,Glac,S
output96Cp35_Lambeck_Glac_Wael_S,305,-72.49177903303683,31.61325172847414,10.188285992975437,4.391443783962738e-06,3.294826046438106e-12,0.0,True,log,5e+21,3e+20,96.0,Lambeck,Glac,S
output71Cp530_Lambeck_Glac_Wael_T,306,-72.51760921194415,39.775906334239416,10.21411617188275,4.279464454385153e-06,2.882711810608428e-12,0.0,True,log,3e+22,5e+20,71.0,Lambeck,Glac,T
output71Cp430_L6G_Glac_Wael_S,307,-72.52026568218112,39.221257290067875,10.216772642119722,4.26811127080615e-06,9.651267768258153e-12,0.0,True,log,3e+22,4e+20,71.0,L6G,Glac,S
output71Cp33_L6G-32_Glac_Wael_T,308,-72.52414572584595,27.689423075571668,10.220652685784557,4.251582898846066e-06,1.2403981088913718e-11,0.0,True,log,3e+21,3e+20,71.0,L6G-32,Glac,T
output96Cp510_L6G_Glac_Wael_S,309,-72.54486224325726,36.53840710538111,10.241369203195859,4.164410974678348e-06,6.638567165662644e-12,0.0,True,log,1e+22,5e+20,96.0,L6G,Glac,S
output71Cp540_L6G-47_Glac_Wael_S,310,-72.59895498400786,34.17454217820576,10.295461943946464,3.9451307707232486e-06,9.182309629844946e-12,0.0,True,log,4e+22,5e+20,71.0,L6G-47,Glac,S
output71Cp440_Lambeck_Glac_Wael_T,311,-72.62563210685963,36.43426308034533,10.32213906679823,3.841277445469519e-06,1.1086563924176915e-11,0.0,True,log,4e+22,4e+20,71.0,Lambeck,Glac,T
output71Cp430_L6G-47_Glac_Wael_S,312,-72.68243807074315,37.70611383655336,10.378945030681749,3.6291520120301424e-06,1.4189983182503572e-12,0.0,True,log,3e+22,4e+20,71.0,L6G-47,Glac,S
output96Cp320_Lambeck_Glac_Wael_T,313,-72.81552259847818,38.1960511533803,10.512029558416785,3.1769273506656327e-06,9.72232203221953e-12,0.0,True,log,2e+22,3e+20,96.0,Lambeck,Glac,T
output96Cp43_Lambeck_Glac_Wael_S,314,-72.83459908894649,38.84824000603941,10.531106048885093,3.1168971297778213e-06,1.585721856179491e-11,0.0,True,log,3e+21,4e+20,96.0,Lambeck,Glac,S
output71Cp520_Lambeck_Glac_Wael_T,315,-72.92546446447193,38.52857804982417,10.621971424410532,2.8461654202720825e-06,1.2933974873572725e-11,0.0,True,log,2e+22,5e+20,71.0,Lambeck,Glac,T
output96Cp530_L6G_Glac_Wael_S,316,-72.9344928483238,34.12819620350243,10.630999808262402,2.820584795959521e-06,1.3985578048684085e-11,0.0,True,log,3e+22,5e+20,96.0,L6G,Glac,S
output71Cp520_L6G_Glac_Wael_S,317,-72.93719128690663,43.50965184253913,10.633698246845228,2.8129838810335432e-06,1.8461997063848168e-11,0.0,True,log,2e+22,5e+20,71.0,L6G,Glac,S
output71Cp530_L6G-32_Glac_Wael_S,318,-72.94257629851886,43.04763229079498,10.639083258457461,2.797876643002762e-06,9.831816653256093e-12,0.0,True,log,3e+22,5e+20,71.0,L6G-32,Glac,S
output96Cp310_L6G-47_Glac_Wael_S,319,-73.03442838425758,36.62052657905917,10.730935344196183,2.5523351927297793e-06,1.1782895737541227e-11,0.0,True,log,1e+22,3e+20,96.0,L6G-47,Glac,S
output96Cp515_L6G-47_Glac_Wael_T,320,-73.03772559829635,38.695052316124325,10.73423255823495,2.543933456073754e-06,4.829597131070576e-12,0.0,True,log,1.5e+22,5e+20,96.0,L6G-47,Glac,T
output96Cp45_Lambeck_Glac_Wael_S,321,-73.0792374525242,40.77546436285156,10.7757444124628,2.4404919399187396e-06,2.6803570724865742e-14,0.0,True,log,5e+21,4e+20,96.0,Lambeck,Glac,S
output71Cp47_Lambeck_Glac_Wael_S,322,-73.12224113881763,42.01714881897723,10.818748098756231,2.337766408906415e-06,6.951205883375938e-12,0.0,True,log,7e+21,4e+20,71.0,Lambeck,Glac,S
output71Cp440_L6G-47_Glac_Wael_T,323,-73.13864312867092,45.97314793071571,10.835150088609524,2.2997351348840427e-06,1.2806077190940089e-11,0.0,True,log,4e+22,4e+20,71.0,L6G-47,Glac,T
output96Cp415_L6G_Glac_Wael_S,324,-73.14567134520249,40.54053879602209,10.84217830514109,2.283628764219946e-06,8.31125543499504e-12,0.0,True,log,1.5e+22,4e+20,96.0,L6G,Glac,S
output96Cp47_L6G-47_Glac_Wael_S,325,-73.1642217125906,39.82209547579477,10.860728672529206,2.241657110054149e-06,2.034254566890411e-12,0.0,True,log,7e+21,4e+20,96.0,L6G-47,Glac,S
output96Cp520_L6G-47_Glac_Wael_T,326,-73.19448874109266,36.784752527740345,10.890995701031258,2.1748253123098847e-06,9.401528782269288e-12,0.0,True,log,2e+22,5e+20,96.0,L6G-47,Glac,T
output71Cp430_Lambeck_Glac_Wael_T,327,-73.21571755281016,37.898734186650735,10.912224512748764,2.129142961842518e-06,2.6026873923277793e-12,0.0,True,log,3e+22,4e+20,71.0,Lambeck,Glac,T
output71Cp530_Lambeck_Glac_Wael_S,328,-73.25310128595628,34.43588211616595,10.94960824589488,2.051017066815826e-06,7.619115894868734e-12,0.0,True,log,3e+22,5e+20,71.0,Lambeck,Glac,S
output96Cp43_Colleoni_Glac_Wael_S,329,-73.29444861251412,32.5565913878673,10.99095557245272,1.9679422894119805e-06,3.2563857299235123e-12,0.0,True,log,3e+21,4e+20,96.0,Colleoni,Glac,S
output71Cp510_L6G-47_Glac_Wael_S,330,-73.3412529732644,40.16373505458715,11.037759933203006,1.8779563035386078e-06,6.5633207118729445e-12,0.0,True,log,1e+22,5e+20,71.0,L6G-47,Glac,S
output96Cp55_Colleoni_Glac_Wael_T,331,-73.38189761370542,32.536522799765464,11.078404573644022,1.8031578204353902e-06,1.4294024630687208e-11,0.0,True,log,5e+21,5e+20,96.0,Colleoni,Glac,T
output71Cp540_L6G-32_Glac_Wael_S,332,-73.43618350680492,47.19260122632699,11.132690466743526,1.7078812708966325e-06,1.2223432194876577e-11,0.0,True,log,4e+22,5e+20,71.0,L6G-32,Glac,S
output71Cp330_L6G-32_Glac_Wael_S,333,-73.4430727321615,46.27605223770382,11.1395796921001,1.696155728267909e-06,7.837093115734039e-13,0.0,True,log,3e+22,3e+20,71.0,L6G-32,Glac,S
output71Cp310_L6G-47_Glac_Wael_S,334,-73.47595436015037,53.84753266040486,11.17246132008897,1.6412903415075151e-06,3.1242960001918034e-12,0.0,True,log,1e+22,3e+20,71.0,L6G-47,Glac,S
output71Cp315_L6G-47_Glac_Wael_S,335,-73.50043693662263,41.82081550804955,11.196943896561237,1.60159522728265e-06,4.204319914589451e-12,0.0,True,log,1.5e+22,3e+20,71.0,L6G-47,Glac,S
output96Cp410_Lambeck_Glac_Wael_T,336,-73.50698357652861,40.83084142670483,11.203490536467214,1.5911444062612377e-06,3.867451866614475e-12,0.0,True,log,1e+22,4e+20,96.0,Lambeck,Glac,T
output71Cp35_L6G-47_Glac_Wael_S,337,-73.528947360809,46.48084711270456,11.225454320747602,1.5565778495474182e-06,9.40026019309801e-13,0.0,True,log,5e+21,3e+20,71.0,L6G-47,Glac,S
output96Cp45_L6G-47_Glac_Wael_S,338,-73.55405053412278,45.16914483709161,11.250557494061383,1.5179891814532792e-06,6.1411874055330714e-12,0.0,True,log,5e+21,4e+20,96.0,L6G-47,Glac,S
output71Cp510_Lambeck_Glac_Wael_S,339,-73.58839301065689,36.040520386534766,11.28489997059549,1.4667426761656723e-06,5.388012394636805e-12,0.0,True,log,1e+22,5e+20,71.0,Lambeck,Glac,S
output96Cp340_L6G-32_Glac_Wael_S,340,-73.58940001870091,39.44991235312184,11.285906978639517,1.4652663979288908e-06,3.3658802386643863e-12,0.0,True,log,4e+22,3e+20,96.0,L6G-32,Glac,S
output71Cp320_L6G-47_Glac_Wael_S,341,-73.6504338261287,44.44717954208207,11.346940786067307,1.3785100749668065e-06,1.008761200538304e-11,0.0,True,log,2e+22,3e+20,71.0,L6G-47,Glac,S
output96Cp530_Lambeck_Glac_Wael_S,342,-73.65282079995707,36.26809510283487,11.349327759895672,1.3752235315032245e-06,7.552882117977434e-13,0.0,True,log,3e+22,5e+20,96.0,Lambeck,Glac,S
output71Cp410_L6G-47_Glac_Wael_S,343,-73.65612525104301,42.109033224903186,11.35263221098161,1.3706866726532968e-06,7.51963993390749e-12,0.0,True,log,1e+22,4e+20,71.0,L6G-47,Glac,S
output96Cp530_L6G-47_Glac_Wael_T,344,-73.67148448860182,40.807387177435054,11.367991448540423,1.3497948225817217e-06,4.5880127393422434e-12,0.0,True,log,3e+22,5e+20,96.0,L6G-47,Glac,T
output96Cp320_L6G-47_Glac_Wael_S,345,-73.7327403157857,44.288192736240546,11.429247275724308,1.2695934999348765e-06,2.342700346704283e-12,0.0,True,log,2e+22,3e+20,96.0,L6G-47,Glac,S
output96Cp315_Lambeck_Glac_Wael_S,346,-73.8065126797109,34.44876119955278,11.503019639649509,1.1793039676482764e-06,8.61387553248553e-12,0.0,True,log,1.5e+22,3e+20,96.0,Lambeck,Glac,S
output71Cp340_L6G_Glac_Wael_S,347,-73.85626723444497,46.622933358319884,11.552774194383574,1.1220640059599494e-06,1.478138586385784e-11,0.0,True,log,4e+22,3e+20,71.0,L6G,Glac,S
output71Cp55_Lambeck_Glac_Wael_S,348,-73.8946864824604,41.88482040538812,11.591193442399003,1.079772751554269e-06,1.063181662227539e-11,0.0,True,log,5e+21,5e+20,71.0,Lambeck,Glac,S
output71Cp420_Lambeck_Glac_Wael_S,349,-73.94233913567507,41.09948143819632,11.638846095613673,1.0295254321226148e-06,9.926765196214012e-13,0.0,True,log,2e+22,4e+20,71.0,Lambeck,Glac,S
output96Cp315_L6G-47_Glac_Wael_S,350,-73.9796622434092,33.220952611011484,11.676169203347797,9.91808576872103e-07,1.7794086918047984e-11,0.0,True,log,1.5e+22,3e+20,96.0,L6G-47,Glac,S
output96Cp47_L6G_Glac_Wael_S,351,-74.00004054380449,45.68471419184492,11.69654750374309,9.71801748691869e-07,5.260114759497505e-12,0.0,True,log,7e+21,4e+20,96.0,L6G,Glac,S
output96Cp43_Colleoni_Glac_Wael_T,352,-74.01792279861988,32.389847212955225,11.714429758558481,9.545781991122445e-07,8.993376345455302e-12,0.0,True,log,3e+21,4e+20,96.0,Colleoni,Glac,T
output71Cp440_L6G_Glac_Wael_S,353,-74.04214827945808,41.26322508521473,11.738655239396678,9.317309434785115e-07,1.0447075532096026e-11,0.0,True,log,4e+22,4e+20,71.0,L6G,Glac,S
output96Cp430_Lambeck_Glac_Wael_S,354,-74.04785852257046,37.25101303797771,11.744365482509068,9.26425694821448e-07,5.217482215075317e-12,0.0,True,log,3e+22,4e+20,96.0,Lambeck,Glac,S
output96Cp520_L6G-32_Glac_Wael_S,355,-74.11764168021244,39.36014036633502,11.814148640151046,8.639809198023823e-07,7.278055459796211e-12,0.0,True,log,2e+22,5e+20,96.0,L6G-32,Glac,S
output96Cp340_L6G_Glac_Wael_S,356,-74.14417873187148,39.546969731979104,11.84068569181008,8.413549544864276e-07,1.1489941813390224e-12,0.0,True,log,4e+22,3e+20,96.0,L6G,Glac,S
output71Cp440_Lambeck_Glac_Wael_S,357,-74.15014854100929,40.11084482418128,11.84665550094789,8.363471885667252e-07,9.320225954394636e-12,0.0,True,log,4e+22,4e+20,71.0,Lambeck,Glac,S
output96Cp540_L6G_Glac_Wael_S,358,-74.17256717718341,42.69058876648363,11.869074137122013,8.178060354653181e-07,9.902870917566107e-12,0.0,True,log,4e+22,5e+20,96.0,L6G,Glac,S
output71Cp330_L6G-47_Glac_Wael_S,359,-74.26711665479097,39.714493220986476,11.96362361472957,7.440257990837912e-07,9.751017974518087e-14,0.0,True,log,3e+22,3e+20,71.0,L6G-47,Glac,S
output71Cp415_Lambeck_Glac_Wael_S,360,-74.29438091769187,39.93394867277148,11.99088787763047,7.240145200619297e-07,1.003076859365494e-11,0.0,True,log,1.5e+22,4e+20,71.0,Lambeck,Glac,S
output96Cp415_Lambeck_Glac_Wael_S,361,-74.30271821578657,45.458250580496745,11.999225175725172,7.180032887175762e-07,1.241819194245754e-11,0.0,True,log,1.5e+22,4e+20,96.0,Lambeck,Glac,S
output71Cp37_Colleoni_Glac_Wael_T,362,-74.39404581173422,35.528656056937066,12.090552771672819,6.553349988242176e-07,8.183357766434212e-12,0.0,True,log,7e+21,3e+20,71.0,Colleoni,Glac,T
output71Cp37_Lambeck_Glac_Wael_S,363,-74.45097477903597,39.56297275309177,12.147481738974577,6.190695259547357e-07,6.1269765556131994e-12,0.0,True,log,7e+21,3e+20,71.0,Lambeck,Glac,S
output96Cp53_Colleoni_Glac_Wael_T,364,-74.46806249901792,33.46176667344495,12.164569458956521,6.08580907744616e-07,1.8585702549566505e-11,0.0,True,log,3e+21,5e+20,96.0,Colleoni,Glac,T
output96Cp410_L6G_Glac_Wael_S,365,-74.49062805026487,46.27398535620662,12.187135010203477,5.950017310955188e-07,1.6321599703810822e-12,0.0,True,log,1e+22,4e+20,96.0,L6G,Glac,S
output96Cp420_L6G-32_Glac_Wael_S,366,-74.53898829075371,40.31140182844217,12.23549525069231,5.669119918343113e-07,2.413754460737323e-12,0.0,True,log,2e+22,4e+20,96.0,L6G-32,Glac,S
output96Cp53_Colleoni_Glac_Wael_S,367,-74.57973916635034,34.44214845378859,12.276246126288939,5.442742189813048e-07,6.804905173352959e-12,0.0,True,log,3e+21,5e+20,96.0,Colleoni,Glac,S
output96Cp33_Colleoni_Glac_Wael_S,368,-74.69086820653592,33.60413545005476,12.387375166474527,4.87029238211133e-07,8.088074003847226e-12,0.0,True,log,3e+21,3e+20,96.0,Colleoni,Glac,S
output96Cp420_L6G_Glac_Wael_S,369,-74.76078414153854,36.694958834606425,12.45729110147714,4.5414122759784344e-07,7.117543895130127e-12,0.0,True,log,2e+22,4e+20,96.0,L6G,Glac,S
output96Cp340_Lambeck_Glac_Wael_T,370,-74.83687371779216,42.124405728453084,12.533380677730761,4.2086774835985217e-07,3.3132290818898913e-12,0.0,True,log,4e+22,3e+20,96.0,Lambeck,Glac,T
output71Cp310_Lambeck_Glac_Wael_S,371,-74.83836106444375,39.371553766739716,12.534868024382348,4.2024223741466146e-07,9.523370093489218e-12,0.0,True,log,1e+22,3e+20,71.0,Lambeck,Glac,S
output71Cp315_Colleoni_Glac_Wael_T,372,-74.89847262291694,33.545822064944566,12.594979582855544,3.9572508576220055e-07,1.536876671813313e-12,0.0,True,log,1.5e+22,3e+20,71.0,Colleoni,Glac,T
output71Cp35_Colleoni_Glac_Wael_T,373,-74.90032308203682,32.851223883091734,12.596830041975423,3.9499348977134915e-07,1.4539801347971654e-11,0.0,True,log,5e+21,3e+20,71.0,Colleoni,Glac,T
output96Cp520_Lambeck_Glac_Wael_T,374,-74.99494485249141,39.33928580214564,12.691451812430017,3.5933227327229766e-07,1.5719302223808972e-11,0.0,True,log,2e+22,5e+20,96.0,Lambeck,Glac,T
output96Cp340_L6G-47_Glac_Wael_S,375,-75.06849507561967,34.84176412168302,12.765002035558268,3.338518359420176e-07,1.2266064755411911e-11,0.0,True,log,4e+22,3e+20,96.0,L6G-47,Glac,S
output96Cp540_L6G-47_Glac_Wael_T,376,-75.16510861570285,39.2458455948088,12.861615575641451,3.0310635469266043e-07,1.5374049526642097e-11,0.0,True,log,4e+22,5e+20,96.0,L6G-47,Glac,T
output71Cp43_Colleoni_Glac_Wael_T,377,-75.1918281392665,38.28905572443931,12.888335099205108,2.9511473884110566e-07,5.899602960037095e-12,0.0,True,log,3e+21,4e+20,71.0,Colleoni,Glac,T
output96Cp35_Colleoni_Glac_Wael_T,378,-75.30824855234701,31.72312249981389,13.004755512285612,2.6268190484163565e-07,4.577994092824312e-12,0.0,True,log,5e+21,3e+20,96.0,Colleoni,Glac,T
output96Cp47_Colleoni_Glac_Wael_T,379,-75.42893750276502,37.55593499039247,13.125444462703626,2.3281749478312564e-07,6.516227011288948e-13,0.0,True,log,7e+21,4e+20,96.0,Colleoni,Glac,T
output71Cp35_Colleoni_Glac_Wael_S,380,-75.49406580056205,34.53541944947851,13.190572760500658,2.1813771088319352e-07,1.1157618190459717e-11,0.0,True,log,5e+21,3e+20,71.0,Colleoni,Glac,S
output71Cp540_Lambeck_Glac_Wael_S,381,-75.50364242437452,40.3861482537946,13.200149384313121,2.1605865912440124e-07,5.132217127213977e-12,0.0,True,log,4e+22,5e+20,71.0,Lambeck,Glac,S
output71Cp330_Lambeck_Glac_Wael_S,382,-75.765264515487,42.452822913872936,13.461771475425607,1.6632236278767046e-07,4.5738018932253924e-12,0.0,True,log,3e+22,3e+20,71.0,Lambeck,Glac,S
output96Cp57_Colleoni_Glac_Wael_T,383,-75.78386097334716,29.933377612781165,13.480367933285763,1.632579380131881e-07,6.748061770209379e-12,0.0,True,log,7e+21,5e+20,96.0,Colleoni,Glac,T
output71Cp310_Colleoni_Glac_Wael_T,384,-75.81989468015706,36.08592082969376,13.516401640095665,1.5747987700470168e-07,8.268622878726029e-12,0.0,True,log,1e+22,3e+20,71.0,Colleoni,Glac,T
output96Cp310_Lambeck_Glac_Wael_S,385,-75.88366087552001,33.9940473399676,13.58016783545861,1.477514528926377e-07,1.4554012201834196e-11,0.0,True,log,1e+22,3e+20,96.0,Lambeck,Glac,S
output96Cp45_Colleoni_Glac_Wael_T,386,-75.94252789864412,34.25449243069498,13.639034858582718,1.3930481788259143e-07,1.523613318910672e-11,0.0,True,log,5e+21,4e+20,96.0,Colleoni,Glac,T
output71Cp55_Colleoni_Glac_Wael_T,387,-76.0541590798787,42.93996831120581,13.750666039817304,1.2459061535415547e-07,1.2342585462406281e-12,0.0,True,log,5e+21,5e+20,71.0,Colleoni,Glac,T
output71Cp53_Colleoni_Glac_Wael_T,388,-76.24166738711135,40.58015782781355,13.938174347049952,1.0328838993637716e-07,1.7495658981199854e-11,0.0,True,log,3e+21,5e+20,71.0,Colleoni,Glac,T
output71Cp515_L6G-47_Glac_Wael_S,389,-76.35806717972847,40.464615633976216,14.054574139667068,9.193898821543925e-08,6.800435961920893e-13,0.0,True,log,1.5e+22,5e+20,71.0,L6G-47,Glac,S
output96Cp415_L6G-47_Glac_Wael_S,390,-76.36878730551176,46.92799111135973,14.065294265450362,9.095865473489931e-08,1.5468952708809302e-12,0.0,True,log,1.5e+22,4e+20,96.0,L6G-47,Glac,S
output71Cp340_L6G-47_Glac_Wael_S,391,-76.56914068802966,43.59080663514789,14.265647647968265,7.444433591438073e-08,7.633326746481529e-12,0.0,True,log,4e+22,3e+20,71.0,L6G-47,Glac,S
output71Cp47_Colleoni_Glac_Wael_T,392,-76.72538465260519,39.99020726495694,14.421891612543789,6.367599917939077e-08,1.1039739162747867e-11,0.0,True,log,7e+21,4e+20,71.0,Colleoni,Glac,T
output71Cp410_Colleoni_Glac_Wael_T,393,-76.81424073319009,35.21147115130835,14.510747693128693,5.8262090434804364e-08,6.297506756080042e-12,0.0,True,log,1e+22,4e+20,71.0,Colleoni,Glac,T
output71Cp320_Lambeck_Glac_Wael_S,394,-76.90699378979988,40.34668607262663,14.603500749738487,5.310114947678489e-08,1.9774113274514694e-12,0.0,True,log,2e+22,3e+20,71.0,Lambeck,Glac,S
output96Cp330_Lambeck_Glac_Wael_S,395,-76.97384137088788,40.564044003554635,14.670348330826485,4.966750986709457e-08,6.520688160375321e-12,0.0,True,log,3e+22,3e+20,96.0,Lambeck,Glac,S
output96Cp330_L6G_Glac_Wael_S,396,-76.98472722029497,39.09500250197577,14.681234180233574,4.9129769027404335e-08,6.567512912779078e-12,0.0,True,log,3e+22,3e+20,96.0,L6G,Glac,S
output71Cp520_L6G-32_Glac_Wael_S,397,-77.00224245120555,54.20918163071569,14.69874941114415,4.82767420681554e-08,1.177415624021273e-12,0.0,True,log,2e+22,5e+20,71.0,L6G-32,Glac,S
output96Cp37_Colleoni_Glac_Wael_T,398,-77.2466779817623,32.161473293072305,14.943184941700906,3.780776041160555e-08,1.5719302223808972e-11,0.0,True,log,7e+21,3e+20,96.0,Colleoni,Glac,T
output71Cp340_Lambeck_Glac_Wael_S,399,-77.2644363311468,43.21925168667896,14.9609432910854,3.714228336828669e-08,1.7651978376640407e-11,0.0,True,log,4e+22,3e+20,71.0,Lambeck,Glac,S
output71Cp415_Colleoni_Glac_Wael_T,400,-77.573705859338,34.44112031681443,15.270212819276608,2.7261801389531913e-08,1.3360300483703859e-11,0.0,True,log,1.5e+22,4e+20,71.0,Colleoni,Glac,T
output96Cp410_Colleoni_Glac_Wael_T,401,-77.57388463644367,32.561580750300294,15.270391596382268,2.7256928039219194e-08,1.0731292594211603e-11,0.0,True,log,1e+22,4e+20,96.0,Colleoni,Glac,T
output71Cp315_Lambeck_Glac_Wael_S,402,-77.60725292768367,44.24004498368119,15.303759887622277,2.636241805815437e-08,1.4497168786394057e-11,0.0,True,log,1.5e+22,3e+20,71.0,Lambeck,Glac,S
output71Cp57_Colleoni_Glac_Wael_T,403,-77.7536782413377,40.40134152212995,15.450185201276298,2.2771599507446402e-08,5.402223243153087e-12,0.0,True,log,7e+21,5e+20,71.0,Colleoni,Glac,T
output96Cp340_Lambeck_Glac_Wael_S,404,-77.80223660709869,39.46797037847672,15.498743567037295,2.1692265275978943e-08,8.979165492974486e-12,0.0,True,log,4e+22,3e+20,96.0,Lambeck,Glac,S
output71Cp430_Lambeck_Glac_Wael_S,405,-77.88731938229408,46.985345682462565,15.583826342232683,1.9922962937081718e-08,4.147476537118838e-12,0.0,True,log,3e+22,4e+20,71.0,Lambeck,Glac,S
output71Cp415_L6G-47_Glac_Wael_S,406,-77.9196125025815,47.75728084326771,15.616119462520103,1.9289865659342033e-08,1.3658728411959158e-11,0.0,True,log,1.5e+22,4e+20,71.0,L6G-47,Glac,S
output96Cp45_Colleoni_Glac_Wael_S,407,-77.9426894524021,32.7226308340773,15.63919641234071,1.8849811480481887e-08,7.880967392884929e-12,0.0,True,log,5e+21,4e+20,96.0,Colleoni,Glac,S
output96Cp310_Colleoni_Glac_Wael_T,408,-78.08831965492806,39.40352115843895,15.78482661486666,1.6295234616983365e-08,1.0779406361741483e-12,0.0,True,log,1e+22,3e+20,96.0,Colleoni,Glac,T
output96Cp320_Lambeck_Glac_Wael_S,409,-78.12715717203113,42.800531468625785,15.823664131969736,1.5674500079877625e-08,1.0404442972930368e-11,0.0,True,log,2e+22,3e+20,96.0,Lambeck,Glac,S
output71Cp440_L6G-47_Glac_Wael_S,410,-78.17725871003418,41.857221704569724,15.873765669972784,1.4908531830909424e-08,1.5002953387196519e-12,0.0,True,log,4e+22,4e+20,71.0,L6G-47,Glac,S
output71Cp530_L6G_Glac_Wael_S,411,-78.34853993092344,46.21205581007979,16.04504689086204,1.2561699146908334e-08,1.6017730157779407e-11,0.0,True,log,3e+22,5e+20,71.0,L6G,Glac,S
output71Cp320_Colleoni_Glac_Wael_T,412,-78.35650700059294,43.21039212037721,16.053013960531544,1.2462016829889956e-08,1.5459314650378297e-11,0.0,True,log,2e+22,3e+20,71.0,Colleoni,Glac,T
output96Cp320_Colleoni_Glac_Wael_T,413,-78.5284368646547,47.106179912425475,16.224943824593296,1.0493494571722793e-08,9.836008854846668e-12,0.0,True,log,2e+22,3e+20,96.0,Colleoni,Glac,T
output71Cp33_Colleoni_Glac_Wael_S,414,-78.65829341749692,46.1837433525611,16.354800377435524,9.21561149628401e-09,1.1252901961689524e-11,0.0,True,log,3e+21,3e+20,71.0,Colleoni,Glac,S
output71Cp330_Colleoni_Glac_Wael_T,415,-78.75495118378733,34.01016813111746,16.45145814372593,8.366546387945225e-09,1.1531863433079761e-12,0.0,True,log,3e+22,3e+20,71.0,Colleoni,Glac,T
output96Cp35_Colleoni_Glac_Wael_S,416,-78.79516655496761,43.63596108760175,16.49167351490621,8.036758339179463e-09,5.7675131147488716e-12,0.0,True,log,5e+21,3e+20,96.0,Colleoni,Glac,S
output96Cp315_Colleoni_Glac_Wael_T,417,-79.03122940391395,39.588143962273236,16.727736363852557,6.346877510254425e-09,1.5250344043045387e-11,0.0,True,log,1.5e+22,3e+20,96.0,Colleoni,Glac,T
output71Cp340_Colleoni_Glac_Wael_T,418,-79.24897675700397,43.03070309647387,16.945483716942576,5.104975274450977e-09,1.4251392069198817e-11,0.0,True,log,4e+22,3e+20,71.0,Colleoni,Glac,T
output96Cp340_Colleoni_Glac_Wael_T,419,-79.2847488076453,37.407068120814166,16.981255767583903,4.925587503524101e-09,3.753765128322341e-12,0.0,True,log,4e+22,3e+20,96.0,Colleoni,Glac,T
output96Cp415_Colleoni_Glac_Wael_T,420,-79.44232567909965,40.215566828661174,17.138832639038256,4.207491749219193e-09,3.162964228225995e-12,0.0,True,log,1.5e+22,4e+20,96.0,Colleoni,Glac,T
output71Cp420_Colleoni_Glac_Wael_T,421,-79.64546461807416,32.547396353957126,17.34197157801276,3.434006815333426e-09,1.2887150110852973e-11,0.0,True,log,2e+22,4e+20,71.0,Colleoni,Glac,T
output71Cp43_Colleoni_Glac_Wael_S,422,-80.01311965285039,43.75034059984511,17.709626612788995,2.377555151324139e-09,1.3697168771354964e-11,0.0,True,log,3e+21,4e+20,71.0,Colleoni,Glac,S
output96Cp515_Colleoni_Glac_Wael_T,423,-80.10660305704303,31.01479524343609,17.803110016981634,2.1653658005340864e-09,9.277593396509061e-12,0.0,True,log,1.5e+22,5e+20,96.0,Colleoni,Glac,T
output96Cp37_Colleoni_Glac_Wael_S,424,-80.20682049341403,41.04101958673259,17.90332745335263,1.9588780224196448e-09,4.862211025007791e-12,0.0,True,log,7e+21,3e+20,96.0,Colleoni,Glac,S
output96Cp55_Lambeck_Glac_Wael_S,425,-80.29168207923956,49.245075861904596,17.988189039178167,1.7995025866649103e-09,7.718591856398205e-12,0.0,True,log,5e+21,5e+20,96.0,Lambeck,Glac,S
output96Cp420_Colleoni_Glac_Wael_T,426,-80.33449010725762,38.12009812666458,18.030997067196225,1.7240949703824616e-09,5.586964276734428e-12,0.0,True,log,2e+22,4e+20,96.0,Colleoni,Glac,T
output71Cp510_Colleoni_Glac_Wael_T,427,-80.38059665484593,38.93247684879454,18.077103614784534,1.6464076134108838e-09,9.295996450655958e-12,0.0,True,log,1e+22,5e+20,71.0,Colleoni,Glac,T
output71Cp520_Colleoni_Glac_Wael_T,428,-80.58879661445202,32.342442583492605,18.285303574390625,1.3369564848861858e-09,1.542087429042099e-11,0.0,True,log,2e+22,5e+20,71.0,Colleoni,Glac,T
output71Cp430_Colleoni_Glac_Wael_T,429,-80.59700369836757,36.7315150983736,18.293510658306175,1.3260288740696754e-09,1.3640325356357128e-11,0.0,True,log,3e+22,4e+20,71.0,Colleoni,Glac,T
output96Cp510_Colleoni_Glac_Wael_T,430,-80.73972579038725,37.90533398579822,18.436232750325857,1.1496603774747464e-09,5.0043194980051776e-12,0.0,True,log,1e+22,5e+20,96.0,Colleoni,Glac,T
output96Cp440_Colleoni_Glac_Wael_T,431,-81.01318682860838,44.809784792529626,18.709693788546986,8.745949068742238e-10,5.028548993069459e-12,0.0,True,log,4e+22,4e+20,96.0,Colleoni,Glac,T
output96Cp410_Colleoni_Glac_Wael_S,432,-81.02218471842006,33.558369223774484,18.718691678358667,8.667606968075739e-10,3.540602511234836e-12,0.0,True,log,1e+22,4e+20,96.0,Colleoni,Glac,S
output96Cp430_Colleoni_Glac_Wael_T,433,-81.30517016952864,34.8044017177471,19.00167712946724,6.531308386443949e-10,8.95493598951105e-12,0.0,True,log,3e+22,4e+20,96.0,Colleoni,Glac,T
output96Cp55_Colleoni_Glac_Wael_S,434,-81.40069692336897,34.17313011362279,19.09720388330757,5.936267297987304e-10,1.1025528309515044e-11,0.0,True,log,5e+21,5e+20,96.0,Colleoni,Glac,S
output96Cp47_Colleoni_Glac_Wael_S,435,-81.40982107561962,33.732479894988806,19.10632803555822,5.882350239136957e-10,3.749572929963084e-12,0.0,True,log,7e+21,4e+20,96.0,Colleoni,Glac,S
output71Cp515_Colleoni_Glac_Wael_T,436,-81.41925698369087,33.8292083036886,19.115763943629474,5.827105972842294e-10,5.739091416220698e-12,0.0,True,log,1.5e+22,5e+20,71.0,Colleoni,Glac,T
output71Cp45_Colleoni_Glac_Wael_S,437,-81.43384670745743,31.0530550950847,19.130353667396037,5.742707280233746e-10,2.1337302589116442e-12,0.0,True,log,5e+21,4e+20,71.0,Colleoni,Glac,S
output71Cp540_Colleoni_Glac_Wael_T,438,-81.80171669921006,38.51826269655214,19.498223659148664,3.975143145859241e-10,8.069670950571063e-12,0.0,True,log,4e+22,5e+20,71.0,Colleoni,Glac,T
output71Cp55_Colleoni_Glac_Wael_S,439,-81.9713232471664,35.70286346980294,19.667830207105,3.355008188273149e-10,1.0873401125900413e-11,0.0,True,log,5e+21,5e+20,71.0,Colleoni,Glac,S
output71Cp440_Colleoni_Glac_Wael_T,440,-82.5850760141675,34.21903471684059,20.2815829741061,1.816118341422389e-10,5.501699183663725e-12,0.0,True,log,4e+22,4e+20,71.0,Colleoni,Glac,T
output71Cp53_Colleoni_Glac_Wael_S,441,-82.82063615507924,35.79780118809854,20.517143115017845,1.4349662117644518e-10,2.484808583894766e-12,0.0,True,log,3e+21,5e+20,71.0,Colleoni,Glac,S
output96Cp310_Colleoni_Glac_Wael_S,442,-82.86284284213119,41.54538953051025,20.55934980206979,1.3756613758233943e-10,1.1242883310120765e-11,0.0,True,log,1e+22,3e+20,96.0,Colleoni,Glac,S
output96Cp440_Colleoni_Glac_Wael_S,443,-83.17052759247053,38.90250518520001,20.867034552409137,1.0113133834389763e-10,7.960176336633118e-12,0.0,True,log,4e+22,4e+20,96.0,Colleoni,Glac,S
output71Cp37_Colleoni_Glac_Wael_S,444,-83.4575668996736,53.60824078007019,21.154073859612197,7.589727221195927e-11,1.0262334442676998e-11,0.0,True,log,7e+21,3e+20,71.0,Colleoni,Glac,S
output96Cp540_Colleoni_Glac_Wael_T,445,-83.56317788367173,39.035337005980914,21.25968484361033,6.829043825576435e-11,1.0252900243300388e-12,0.0,True,log,4e+22,5e+20,96.0,Colleoni,Glac,T
output71Cp530_Colleoni_Glac_Wael_T,446,-83.63633479688393,34.27121622059119,21.332841756822532,6.34728875692562e-11,1.5388260380594626e-11,0.0,True,log,3e+22,5e+20,71.0,Colleoni,Glac,T
output96Cp315_Colleoni_Glac_Wael_S,447,-83.64021040485189,41.863574877049025,21.336717364790488,6.32273676172988e-11,9.040201104429297e-12,0.0,True,log,1.5e+22,3e+20,96.0,Colleoni,Glac,S
output96Cp320_Colleoni_Glac_Wael_S,448,-83.67079170493498,41.30689239103022,21.367298664873587,6.132305904009694e-11,1.3388722191116865e-11,0.0,True,log,2e+22,3e+20,96.0,Colleoni,Glac,S
output71Cp310_Colleoni_Glac_Wael_S,449,-83.70368840384431,38.81556197925338,21.400195363782913,5.933855363396316e-11,1.1181847695283346e-11,0.0,True,log,1e+22,3e+20,71.0,Colleoni,Glac,S
output96Cp520_Colleoni_Glac_Wael_T,450,-83.8431261855106,34.214888034472054,21.5396331454492,5.161547128657183e-11,1.1669208910317782e-11,0.0,True,log,2e+22,5e+20,96.0,Colleoni,Glac,T
output96Cp330_Colleoni_Glac_Wael_T,451,-84.26139434917661,42.79820125990506,21.957901309115215,3.397256526816379e-11,3.114277360691239e-12,0.0,True,log,3e+22,3e+20,96.0,Colleoni,Glac,T
output96Cp57_Colleoni_Glac_Wael_S,452,-84.9057332043661,36.44194225410134,22.602240164304703,1.783592068458329e-11,1.1181847695283346e-11,0.0,True,log,7e+21,5e+20,96.0,Colleoni,Glac,S
output96Cp530_Colleoni_Glac_Wael_T,453,-85.28715419264284,42.00482440559085,22.983661152581448,1.2179977945305663e-11,1.1764492682370668e-11,0.0,True,log,3e+22,5e+20,96.0,Colleoni,Glac,T
output96Cp415_Colleoni_Glac_Wael_S,454,-85.42416125650443,42.97169998876916,23.120668216443036,1.062050310122487e-11,7.604905043267531e-12,0.0,True,log,1.5e+22,4e+20,96.0,Colleoni,Glac,S
output71Cp47_Colleoni_Glac_Wael_S,455,-86.10280486598229,43.002499890385515,23.799311825920896,5.3878303866119476e-12,1.4141897440516209e-11,0.0,True,log,7e+21,4e+20,71.0,Colleoni,Glac,S
output71Cp340_Colleoni_Glac_Wael_S,456,-86.1893633522897,42.59422079388741,23.885870312228306,4.941081784303585e-12,5.355398497416325e-12,0.0,True,log,4e+22,3e+20,71.0,Colleoni,Glac,S
output71Cp315_Colleoni_Glac_Wael_S,457,-86.29742149760955,43.97913245810733,23.99392845754815,4.434993484199841e-12,4.242594685847725e-13,0.0,True,log,1.5e+22,3e+20,71.0,Colleoni,Glac,S
output96Cp420_Colleoni_Glac_Wael_S,458,-86.53661315848679,39.58589016968502,24.23312011842539,3.491510622563045e-12,2.9721690084727364e-12,0.0,True,log,2e+22,4e+20,96.0,Colleoni,Glac,S
output71Cp510_Colleoni_Glac_Wael_S,459,-86.53820283261174,33.68658876839396,24.234709792550348,3.4859646677672596e-12,1.8902533543991406e-11,0.0,True,log,1e+22,5e+20,71.0,Colleoni,Glac,S
output71Cp330_Colleoni_Glac_Wael_S,460,-86.97336055320923,44.33240839791081,24.669867513147835,2.255985916620288e-12,7.913351579784731e-12,0.0,True,log,3e+22,3e+20,71.0,Colleoni,Glac,S
output71Cp415_Colleoni_Glac_Wael_S,461,-87.00394343396688,33.94680691404224,24.700450393905484,2.188035720848899e-12,1.1707649268749894e-11,0.0,True,log,1.5e+22,4e+20,71.0,Colleoni,Glac,S
output71Cp410_Colleoni_Glac_Wael_S,462,-87.0066187400353,36.33498413756784,24.703125699973896,2.182189878801924e-12,1.515086806550533e-11,0.0,True,log,1e+22,4e+20,71.0,Colleoni,Glac,S
output71Cp320_Colleoni_Glac_Wael_S,463,-87.18022952956444,38.43746148583078,24.876736489503045,1.8344012144955436e-12,3.3700724361129023e-12,0.0,True,log,2e+22,3e+20,71.0,Colleoni,Glac,S
output71Cp430_Colleoni_Glac_Wael_S,464,-87.34799242466205,41.47190569723118,25.044499384600655,1.551085827481213e-12,1.3754012186384732e-11,0.0,True,log,3e+22,4e+20,71.0,Colleoni,Glac,S
output96Cp510_Colleoni_Glac_Wael_S,465,-87.37986097650169,41.89026054113297,25.076367936440292,1.5024343125326088e-12,5.568561227388727e-12,0.0,True,log,1e+22,5e+20,96.0,Colleoni,Glac,S
output96Cp340_Colleoni_Glac_Wael_S,466,-87.41538947631392,42.319364525175374,25.111896436252522,1.4499921866181227e-12,2.427965284664494e-12,0.0,True,log,4e+22,3e+20,96.0,Colleoni,Glac,S
output96Cp330_Colleoni_Glac_Wael_S,467,-87.76100585671783,47.568744867414246,25.457512816656433,1.0262812043141627e-12,7.491218230883242e-12,0.0,True,log,3e+22,3e+20,96.0,Colleoni,Glac,S
output71Cp57_Colleoni_Glac_Wael_S,468,-87.86408111976829,40.96710979927616,25.56058807970689,9.257662781729655e-13,9.149695723202357e-12,0.0,True,log,7e+21,5e+20,71.0,Colleoni,Glac,S
output96Cp515_Colleoni_Glac_Wael_S,469,-88.04176573618547,41.48653754594493,25.73827269612407,7.750574742989278e-13,8.027038394782009e-12,0.0,True,log,1.5e+22,5e+20,96.0,Colleoni,Glac,S
output96Cp430_Colleoni_Glac_Wael_S,470,-88.0655829528988,47.792150703921436,25.762089912837396,7.568158570471374e-13,9.196520482423458e-12,0.0,True,log,3e+22,4e+20,96.0,Colleoni,Glac,S
output71Cp420_Colleoni_Glac_Wael_S,471,-88.31003410809271,43.72970104288615,26.00654106803131,5.926884106284237e-13,2.1531789791363323e-13,0.0,True,log,2e+22,4e+20,71.0,Colleoni,Glac,S
output96Cp520_Colleoni_Glac_Wael_S,472,-88.31354621857587,43.24380891121035,26.010053178514468,5.906104745546909e-13,8.642297237068417e-12,0.0,True,log,2e+22,5e+20,96.0,Colleoni,Glac,S
output71Cp520_Colleoni_Glac_Wael_S,473,-88.95374520092737,39.834507013443684,26.650252160865975,3.113624669928261e-13,3.3658802386643863e-12,0.0,True,log,2e+22,5e+20,71.0,Colleoni,Glac,S
output71Cp515_Colleoni_Glac_Wael_S,474,-89.58563544100737,33.507282901153474,27.282142400945972,1.655159363237586e-13,8.083881802520333e-12,0.0,True,log,1.5e+22,5e+20,71.0,Colleoni,Glac,S
output71Cp440_Colleoni_Glac_Wael_S,475,-90.23103357578528,37.68125476953838,27.927540535723878,8.680544476354066e-14,7.671767100151736e-12,0.0,True,log,4e+22,4e+20,71.0,Colleoni,Glac,S
output71Cp540_Colleoni_Glac_Wael_S,476,-90.67205230837367,41.4022461969617,28.368559268312268,5.584894384661104e-14,9.074125932037874e-13,0.0,True,log,4e+22,5e+20,71.0,Colleoni,Glac,S
output96Cp530_Colleoni_Glac_Wael_S,477,-90.6875202882654,37.71329575258949,28.384027248204006,5.499172035550702e-14,1.721616896596357e-12,0.0,True,log,3e+22,5e+20,96.0,Colleoni,Glac,S
output96Cp540_Colleoni_Glac_Wael_S,478,-91.94604999701815,44.731383403887875,29.642556956956753,1.5621574290189004e-14,1.3441373404121998e-11,0.0,True,log,4e+22,5e+20,96.0,Colleoni,Glac,S
output71Cp530_Colleoni_Glac_Wael_S,479,-92.93858821920355,45.01832599641096,30.635095179142155,5.78989816861368e-15,7.955984135332604e-12,0.0,True,log,3e+22,5e+20,71.0,Colleoni,Glac,S
