,lat,lon,rsl,rsl_er_max,rsl_er_min,age,age_er_max,age_er_min,rsl_er,age_er
2435,53.28,-2.78,-1.14,0.5,0.5,718.0,66.0,45.0,0.5,55.5
2436,53.76,-3.02,1.63,1.0,1.0,737.0,173.0,81.0,1.0,127.0
2455,53.69,-0.39,-1.33,0.21,0.21,990.0,73.0,63.0,0.21,68.0
2483,53.74,-2.99,0.6,1.0,1.0,1288.0,226.0,219.0,1.0,222.5
2499,54.2,-2.82,1.55,0.21,0.21,1455.0,72.0,93.0,0.21,82.5
2531,54.88,-3.63,-0.17,0.21,0.21,1678.0,185.0,144.0,0.21,164.5
2535,53.74,-2.99,-0.22,0.21,0.21,1738.0,576.0,454.0,0.21,515.0
2541,53.57,-0.5,-3.0,0.41,0.41,1773.0,124.0,158.0,0.41,141.0
2545,54.88,-3.63,0.51,0.34,0.34,1780.0,209.0,218.0,0.34,213.5
2550,53.48,-0.75,-3.07,0.21,0.21,1822.0,101.0,112.0,0.21,106.5
2561,53.69,-0.39,-2.03,0.41,0.41,1998.0,118.0,99.0,0.41,108.5
2571,53.27,0.32,-2.8,0.4,0.4,2096.0,211.0,149.0,0.4,180.0
2586,53.75,-0.01,-2.35,0.27,0.27,2237.0,110.0,86.0,0.27,98.0
2591,53.75,-2.99,-0.04,0.22,0.22,2251.0,187.0,135.0,0.22,161.0
2598,53.69,-0.39,-2.17,0.41,0.41,2348.0,336.0,195.0,0.41,265.5
2612,53.75,-0.01,-2.35,0.27,0.27,2419.0,280.0,107.0,0.27,193.5
2617,53.09,0.14,-2.88,0.39,0.39,2447.0,258.0,122.0,0.39,190.0
2622,53.75,-0.01,-2.22,0.27,0.27,2477.0,226.0,128.0,0.27,177.0
2625,54.23,-3.03,0.78,0.21,0.21,2504.0,224.0,168.0,0.21,196.0
2627,54.91,-3.15,1.05,0.21,0.21,2505.0,203.0,154.0,0.21,178.5
2632,53.12,0.2,-3.05,0.4,0.4,2545.0,185.0,191.0,0.4,188.0
2648,53.16,0.28,-3.25,0.21,0.21,2678.0,96.0,189.0,0.21,142.5
2650,54.91,-3.15,2.32,0.21,0.21,2711.0,129.0,223.0,0.21,176.0
2655,53.75,-0.01,-2.22,0.27,0.27,2725.0,112.0,234.0,0.27,173.0
2663,53.41,-3.1,-0.85,0.21,0.21,2753.0,91.0,130.0,0.21,110.5
2667,53.76,0.0,-3.97,0.21,0.21,2758.0,112.0,260.0,0.21,186.0
2676,55.24,-1.55,-0.69,0.41,0.41,2779.0,141.0,157.0,0.41,149.0
2684,54.57,-1.28,-0.84,0.21,0.21,2828.0,169.0,106.0,0.21,137.5
2686,53.09,0.14,-3.41,0.39,0.39,2838.0,120.0,88.0,0.39,104.0
2687,53.41,-3.15,-0.89,0.8,0.8,2849.0,112.0,94.0,0.8,103.0
2694,53.12,0.2,-3.42,0.53,0.53,2907.0,156.0,133.0,0.53,144.5
2695,55.34,-1.6,0.5,0.4,0.4,2914.0,142.0,124.0,0.4,133.0
2697,54.28,-3.42,2.79,0.34,0.34,2929.0,144.0,145.0,0.34,144.5
2698,53.39,-3.14,-1.0,0.21,0.21,2930.0,133.0,122.0,0.21,127.5
2699,53.23,0.34,-2.83,0.21,0.21,2944.0,262.0,193.0,0.21,227.5
2700,53.61,0.15,-1.83,0.21,0.21,2960.0,196.0,171.0,0.21,183.5
2709,54.68,-1.2,-0.78,0.21,0.21,2995.0,211.0,202.0,0.21,206.5
2715,54.61,-1.24,-2.21,0.21,0.21,3035.0,283.0,190.0,0.21,236.5
2719,53.12,0.2,-3.96,0.21,0.21,3066.0,163.0,186.0,0.21,174.5
2732,55.44,-1.59,-0.63,0.5,0.5,3156.0,168.0,148.0,0.5,158.0
2740,53.6,-0.87,-4.5,0.21,0.21,3212.0,156.0,204.0,0.21,180.0
2744,54.9,-4.46,5.6,0.21,0.21,3252.0,130.0,177.0,0.21,153.5
2753,53.75,-2.99,-0.1,0.21,0.21,3277.0,314.0,382.0,0.21,348.0
2755,53.48,-0.75,-4.09,0.21,0.21,3294.0,144.0,126.0,0.21,135.0
2758,53.08,0.06,-3.41,0.21,0.21,3326.0,217.0,242.0,0.21,229.5
2759,55.34,-1.6,-0.12,0.21,0.21,3330.0,120.0,147.0,0.21,133.5
2763,53.09,0.14,-3.25,0.39,0.39,3353.0,100.0,130.0,0.39,115.0
2764,53.75,-2.99,-0.76,0.21,0.21,3353.0,356.0,403.0,0.21,379.5
2771,53.1,0.03,-4.19,0.21,0.21,3392.0,170.0,170.0,0.21,170.0
2773,53.47,-0.48,-2.91,0.21,0.21,3395.0,154.0,149.0,0.21,151.5
2774,53.09,0.09,-3.82,0.44,0.44,3404.0,158.0,162.0,0.44,160.0
2779,54.68,-1.2,-1.28,0.21,0.21,3437.0,193.0,204.0,0.21,198.5
2780,53.28,-2.78,-1.66,0.21,0.21,3439.0,119.0,71.0,0.21,95.0
2786,53.09,0.14,-3.71,0.39,0.39,3490.0,101.0,111.0,0.39,106.0
2790,55.24,-1.55,-0.91,0.4,0.4,3510.0,99.0,111.0,0.4,105.0
2794,55.08,-3.54,4.0,0.83,0.83,3528.0,300.0,274.0,0.83,287.0
2795,55.44,-1.59,-1.26,0.5,0.5,3533.0,98.0,79.0,0.5,88.5
2797,53.09,0.07,-4.44,0.21,0.21,3540.0,152.0,145.0,0.21,148.5
2802,53.23,0.34,-3.4,0.21,0.21,3585.0,280.0,228.0,0.21,254.0
2805,55.69,-1.94,2.57,0.21,0.21,3601.0,218.0,150.0,0.21,184.0
2806,55.24,-1.55,-0.26,0.22,0.22,3601.0,92.0,120.0,0.22,106.0
2810,53.89,-2.89,1.67,0.21,0.21,3623.0,332.0,263.0,0.21,297.5
2814,54.89,-4.45,4.44,0.21,0.21,3627.0,200.0,168.0,0.21,184.0
2817,53.08,0.06,-3.87,0.21,0.21,3640.0,191.0,165.0,0.21,178.0
2820,53.71,-0.96,-5.06,0.4,0.4,3647.0,188.0,182.0,0.4,185.0
2821,55.25,-1.55,-0.79,0.22,0.22,3655.0,171.0,93.0,0.22,132.0
2827,53.12,0.2,-3.82,0.39,0.39,3685.0,173.0,202.0,0.39,187.5
2828,53.66,-0.7,-6.56,0.21,0.21,3685.0,166.0,201.0,0.21,183.5
2837,54.61,-1.22,-1.36,0.21,0.21,3716.0,120.0,122.0,0.21,121.0
2841,54.89,-4.44,3.96,0.21,0.21,3743.0,226.0,183.0,0.21,204.5
2847,53.47,-0.48,-3.38,0.4,0.4,3764.0,123.0,126.0,0.4,124.5
2848,53.41,-3.15,-0.79,0.21,0.21,3764.0,147.0,157.0,0.21,152.0
2851,54.68,-1.2,-1.06,0.21,0.21,3775.0,196.0,186.0,0.21,191.0
2853,55.8,-4.5,6.17,0.22,0.22,3785.0,173.0,144.0,0.22,158.5
2863,53.67,-0.56,-4.0,0.21,0.21,3854.0,214.0,204.0,0.21,209.0
2865,55.39,-1.62,0.13,0.21,0.21,3856.0,118.0,138.0,0.21,128.0
2868,55.85,-4.5,5.88,0.22,0.22,3871.0,209.0,178.0,0.22,193.5
2879,53.08,-0.21,-3.79,0.81,0.81,3943.0,405.0,355.0,0.81,380.0
2881,53.71,-0.52,-4.05,0.37,0.37,3958.0,127.0,111.0,0.37,119.0
2883,55.86,-4.49,5.84,0.23,0.23,3975.0,174.0,142.0,0.23,158.0
2886,53.68,-0.51,-4.6,0.41,0.41,4003.0,140.0,114.0,0.41,127.0
2890,54.9,-4.45,4.97,0.21,0.21,4018.0,203.0,172.0,0.21,187.5
2893,54.68,-1.2,-1.46,0.8,0.8,4026.0,218.0,195.0,0.8,206.5
2894,55.53,-1.63,0.44,0.4,0.4,4030.0,197.0,167.0,0.4,182.0
2906,55.26,-4.82,6.83,0.21,0.21,4096.0,136.0,117.0,0.21,126.5
2911,53.71,-0.7,-6.86,0.21,0.21,4132.0,274.0,209.0,0.21,241.5
2913,53.71,-0.52,-4.26,0.37,0.37,4140.0,147.0,156.0,0.37,151.5
2915,53.09,-0.23,-5.05,0.81,0.81,4151.0,369.0,419.0,0.81,394.0
2917,53.03,-0.09,-4.08,0.21,0.21,4180.0,236.0,246.0,0.21,241.0
2923,53.07,-0.16,-3.82,0.21,0.21,4209.0,206.0,220.0,0.21,213.0
2924,54.92,-4.41,4.59,0.21,0.21,4209.0,206.0,220.0,0.21,213.0
2925,55.44,-1.59,-1.39,0.5,0.5,4213.0,192.0,122.0,0.5,157.0
2930,53.03,-0.09,-3.72,0.21,0.21,4230.0,192.0,242.0,0.21,217.0
2931,53.1,0.03,-4.6,0.21,0.21,4231.0,189.0,238.0,0.21,213.5
2943,53.6,-0.87,-5.84,0.21,0.21,4309.0,128.0,207.0,0.21,167.5
2950,53.66,-0.71,-5.05,0.21,0.21,4349.0,218.0,251.0,0.21,234.5
2955,53.23,0.34,-4.77,0.21,0.21,4385.0,420.0,295.0,0.21,357.5
2956,55.6,-4.65,8.68,0.21,0.21,4390.0,469.0,523.0,0.21,496.0
2959,53.09,-0.23,-5.05,0.81,0.81,4399.0,421.0,314.0,0.81,367.5
2961,53.11,-0.07,-3.94,0.21,0.21,4407.0,114.0,158.0,0.21,136.0
2965,53.13,-0.24,-4.7,0.81,0.81,4449.0,366.0,297.0,0.81,331.5
2970,53.91,-0.38,-2.2,0.21,0.21,4474.0,308.0,180.0,0.21,244.0
2974,54.93,-4.4,4.94,0.21,0.21,4495.0,319.0,251.0,0.21,285.0
2977,53.11,-0.07,-4.26,0.8,0.8,4502.0,295.0,89.0,0.8,192.0
2978,54.38,-4.5,2.05,0.5,0.5,4505.0,303.0,205.0,0.5,254.0
2982,53.63,-0.11,-3.46,0.7,0.7,4534.0,287.0,216.0,0.7,251.5
2983,53.25,-4.29,-2.33,0.52,0.52,4535.0,292.0,286.0,0.52,289.0
2984,54.91,-4.45,4.98,0.21,0.21,4538.0,269.0,120.0,0.21,194.5
2985,54.9,-4.46,5.23,0.21,0.21,4559.0,270.0,263.0,0.21,266.5
2986,53.66,-0.71,-5.89,0.21,0.21,4564.0,251.0,146.0,0.21,198.5
2989,53.03,-0.09,-4.3,0.8,0.8,4588.0,244.0,179.0,0.8,211.5
2990,53.11,-0.23,-4.7,0.81,0.81,4591.0,278.0,431.0,0.81,354.5
2991,53.57,-3.04,-0.65,1.0,1.0,4594.0,449.0,506.0,1.0,477.5
2996,53.11,-0.23,-4.7,0.81,0.81,4633.0,327.0,388.0,0.81,357.5
2997,53.16,0.28,-4.15,0.21,0.21,4634.0,188.0,187.0,0.21,187.5
2998,55.69,-1.94,2.1,0.21,0.21,4635.0,189.0,190.0,0.21,189.5
3001,53.1,-0.23,-5.05,0.81,0.81,4655.0,209.0,241.0,0.81,225.0
3002,54.66,-1.19,-0.9,0.25,0.25,4656.0,193.0,232.0,0.25,212.5
3005,53.14,-0.25,-5.5,0.81,0.81,4677.0,269.0,260.0,0.81,264.5
3008,53.27,0.32,-4.88,0.21,0.21,4679.0,151.0,153.0,0.21,152.0
3009,53.14,-0.25,-5.05,0.23,0.23,4680.0,360.0,383.0,0.23,371.5
3011,53.91,-0.38,-2.2,0.7,0.7,4684.0,146.0,156.0,0.7,151.0
3013,53.73,-0.08,-4.35,0.27,0.27,4690.0,140.0,159.0,0.27,149.5
3016,53.77,-0.73,-6.18,0.22,0.22,4708.0,129.0,136.0,0.22,132.5
3018,54.04,-2.88,-0.49,0.21,0.21,4713.0,564.0,418.0,0.21,491.0
3023,53.14,-0.25,-5.5,0.81,0.81,4728.0,310.0,297.0,0.81,303.5
3028,53.07,0.06,-6.01,0.06,0.06,4743.0,217.0,210.0,0.06,213.5
3030,53.63,-0.11,-4.27,0.7,0.7,4749.0,209.0,178.0,0.7,193.5
3033,53.73,-0.08,-4.35,0.27,0.27,4760.0,188.0,176.0,0.27,182.0
3035,53.07,0.06,-5.79,0.21,0.21,4790.0,237.0,219.0,0.21,228.0
3036,55.7,-1.94,1.7,0.21,0.21,4790.0,237.0,219.0,0.21,228.0
3042,53.07,0.06,-6.03,0.8,0.8,4857.0,188.0,272.0,0.8,230.0
3046,53.67,-0.55,-6.39,0.21,0.21,4871.0,166.0,162.0,0.21,164.0
3049,54.63,-1.21,-1.87,0.22,0.22,4899.0,363.0,272.0,0.22,317.5
3050,53.4,-3.15,-1.21,1.0,1.0,4906.0,365.0,263.0,1.0,314.0
3051,54.4,-4.36,2.25,0.21,0.21,4907.0,132.0,79.0,0.21,105.5
3052,54.92,-4.41,4.21,0.21,0.21,4929.0,354.0,282.0,0.21,318.0
3055,53.07,0.06,-6.07,0.8,0.8,4935.0,344.0,221.0,0.8,282.5
3057,53.66,-0.71,-6.98,0.21,0.21,4954.0,323.0,122.0,0.21,222.5
3058,53.31,-3.53,-2.14,0.34,0.34,4959.0,473.0,432.0,0.34,452.5
3060,53.61,0.15,-3.87,0.25,0.25,4963.0,312.0,118.0,0.25,215.0
3062,55.34,-1.6,-0.26,0.4,0.4,4984.0,291.0,126.0,0.4,208.5
3076,53.16,0.28,-4.89,0.21,0.21,5077.0,210.0,201.0,0.21,205.5
3079,53.03,0.05,-5.27,0.21,0.21,5131.0,167.0,239.0,0.21,203.0
3080,53.03,0.05,-5.54,0.8,0.8,5131.0,167.0,239.0,0.8,203.0
3083,53.06,0.15,-5.45,0.21,0.21,5140.0,298.0,270.0,0.21,284.0
3086,53.16,0.28,-4.65,0.21,0.21,5149.0,164.0,255.0,0.21,209.5
3088,53.36,0.23,-6.96,0.21,0.21,5156.0,146.0,182.0,0.21,164.0
3091,54.36,-3.41,0.65,0.26,0.26,5160.0,137.0,185.0,0.26,161.0
3094,53.39,-3.14,-1.93,0.21,0.21,5164.0,282.0,201.0,0.21,241.5
3097,53.52,-3.06,-1.19,0.22,0.22,5185.0,282.0,301.0,0.22,291.5
3100,53.61,0.15,-4.17,0.81,0.81,5199.0,257.0,216.0,0.81,236.5
3107,54.67,-1.19,-2.19,0.21,0.21,5314.0,254.0,264.0,0.21,259.0
3108,54.24,-2.83,0.3,0.36,0.36,5315.0,272.0,341.0,0.36,306.5
3109,53.6,-0.87,-7.14,0.4,0.4,5339.0,234.0,286.0,0.4,260.0
3113,53.31,-3.53,-1.91,0.34,0.34,5377.0,362.0,505.0,0.34,433.5
3114,53.4,-3.15,-1.54,0.21,0.21,5387.0,188.0,320.0,0.21,254.0
3116,54.4,-4.36,2.09,0.21,0.21,5394.0,185.0,322.0,0.21,253.5
3121,53.31,0.27,-6.45,0.4,0.4,5403.0,172.0,103.0,0.4,137.5
3127,53.41,-3.1,-2.82,0.21,0.21,5435.0,150.0,123.0,0.21,136.5
3129,53.92,-3.01,-0.2,0.21,0.21,5446.0,144.0,138.0,0.21,141.0
3131,53.33,-3.46,-1.58,0.33,0.33,5463.0,124.0,143.0,0.33,133.5
3133,53.06,0.15,-5.9,0.21,0.21,5475.0,113.0,153.0,0.21,133.0
3136,54.93,-4.41,4.07,0.41,0.41,5492.0,96.0,167.0,0.41,131.5
3138,54.25,-3.2,0.67,0.21,0.21,5510.0,82.0,183.0,0.21,132.5
3140,54.67,-1.19,-3.02,0.24,0.24,5511.0,88.0,185.0,0.24,136.5
3145,53.81,-3.03,-2.02,0.22,0.22,5520.0,138.0,198.0,0.22,168.0
3146,53.71,-0.96,-6.94,0.21,0.21,5521.0,123.0,192.0,0.21,157.5
3148,53.93,-2.84,-1.72,0.24,0.24,5555.0,356.0,467.0,0.24,411.5
3150,54.83,-3.37,3.6,0.21,0.21,5580.0,297.0,259.0,0.21,278.0
3152,53.66,-0.71,-6.91,0.21,0.21,5588.0,124.0,249.0,0.21,186.5
3153,53.9,-2.89,0.24,0.21,0.21,5593.0,1043.0,1153.0,0.21,1098.0
3159,53.27,0.32,-6.09,0.21,0.21,5628.0,224.0,158.0,0.21,191.0
3160,53.48,-0.75,-6.01,0.21,0.21,5631.0,111.0,150.0,0.21,130.5
3165,53.76,-3.0,-1.39,0.21,0.21,5641.0,254.0,308.0,0.21,281.0
3171,54.67,-1.19,-2.8,0.24,0.24,5676.0,197.0,86.0,0.24,141.5
3174,54.26,-3.19,-0.76,0.21,0.21,5691.0,194.0,97.0,0.21,145.5
3175,53.39,-3.14,-1.77,0.21,0.21,5691.0,180.0,90.0,0.21,135.0
3180,54.23,-3.02,-1.58,0.21,0.21,5706.0,185.0,110.0,0.21,147.5
3181,53.75,-2.99,-0.87,0.21,0.21,5708.0,562.0,630.0,0.21,596.0
3182,53.92,-3.01,-0.35,0.21,0.21,5714.0,177.0,113.0,0.21,145.0
3183,53.58,-0.1,-5.48,0.21,0.21,5719.0,172.0,115.0,0.21,143.5
3185,53.57,-0.5,-10.72,0.21,0.21,5734.0,164.0,132.0,0.21,148.0
3186,53.8,-0.37,-4.25,0.21,0.21,5738.0,156.0,125.0,0.21,140.5
3188,53.76,-3.02,-1.17,0.21,0.21,5748.0,152.0,137.0,0.21,144.5
3189,55.34,-1.6,-0.62,0.21,0.21,5748.0,147.0,97.0,0.21,122.0
3190,53.74,-0.07,-5.47,0.27,0.27,5755.0,149.0,144.0,0.27,146.5
3191,54.2,-2.82,0.42,0.21,0.21,5764.0,220.0,178.0,0.21,199.0
3192,54.93,-4.45,5.16,0.21,0.21,5779.0,219.0,290.0,0.21,254.5
3196,53.33,0.27,-6.58,0.21,0.21,5797.0,109.0,138.0,0.21,123.5
3197,53.58,-0.1,-5.12,0.21,0.21,5810.0,108.0,149.0,0.21,128.5
3200,53.71,-0.96,-7.73,0.21,0.21,5815.0,108.0,152.0,0.21,130.0
3202,53.74,-0.07,-5.62,0.27,0.27,5816.0,114.0,154.0,0.27,134.0
3206,53.4,-3.15,-1.37,0.21,0.21,5846.0,140.0,105.0,0.21,122.5
3210,55.7,-1.94,1.19,0.21,0.21,5867.0,123.0,124.0,0.21,123.5
3211,53.92,-3.01,-0.66,0.06,0.06,5869.0,119.0,123.0,0.06,121.0
3214,53.74,-0.07,-5.47,0.27,0.27,5887.0,290.0,228.0,0.27,259.0
3222,54.61,-1.24,-3.43,0.4,0.4,5923.0,255.0,188.0,0.4,221.5
3226,55.7,-1.94,1.34,0.21,0.21,5947.0,229.0,194.0,0.21,211.5
3228,54.36,-3.41,0.19,0.26,0.26,5958.0,215.0,61.0,0.26,138.0
3229,53.74,-0.07,-5.62,0.27,0.27,5967.0,213.0,208.0,0.27,210.5
3230,53.27,0.32,-5.79,0.21,0.21,5968.0,213.0,212.0,0.21,212.5
3236,53.28,-2.77,-3.68,0.21,0.21,6014.0,877.0,967.0,0.21,922.0
3237,54.61,-1.22,-3.02,0.21,0.21,6017.0,162.0,97.0,0.21,129.5
3238,54.67,-1.19,-2.97,0.25,0.25,6022.0,241.0,247.0,0.25,244.0
3239,53.4,-3.15,-2.01,0.21,0.21,6023.0,157.0,105.0,0.21,131.0
3244,54.3,-2.81,0.0,0.36,0.36,6064.0,233.0,313.0,0.36,273.0
3245,54.68,-1.2,-4.28,0.24,0.24,6071.0,229.0,319.0,0.24,274.0
3246,55.39,-1.62,-1.1,0.22,0.22,6073.0,113.0,134.0,0.22,123.5
3248,55.69,-1.94,2.05,0.21,0.21,6078.0,183.0,151.0,0.21,167.0
3254,53.31,0.27,-7.54,0.21,0.21,6093.0,178.0,156.0,0.21,167.0
3257,53.63,-0.11,-6.1,0.21,0.21,6105.0,167.0,155.0,0.21,161.0
3265,53.02,0.04,-8.06,0.21,0.21,6153.0,125.0,149.0,0.21,137.0
3268,54.87,-3.19,0.87,0.21,0.21,6159.0,635.0,668.0,0.21,651.5
3271,53.36,0.23,-7.64,0.21,0.21,6179.0,104.0,175.0,0.21,139.5
3272,55.02,-3.52,0.9,0.22,0.22,6184.0,354.0,423.0,0.22,388.5
3277,54.21,-3.0,-1.13,0.21,0.21,6217.0,196.0,273.0,0.21,234.5
3279,53.63,-0.11,-6.45,0.21,0.21,6221.0,169.0,222.0,0.21,195.5
3284,53.92,-3.01,-0.72,0.4,0.4,6235.0,77.0,214.0,0.4,145.5
3287,53.39,-3.14,-2.73,0.21,0.21,6253.0,160.0,253.0,0.21,206.5
3296,54.67,-1.19,-3.23,0.24,0.24,6332.0,198.0,306.0,0.24,252.0
3298,53.47,0.05,-8.36,0.4,0.4,6338.0,95.0,121.0,0.4,108.0
3300,53.02,0.04,-8.31,0.8,0.8,6352.0,83.0,67.0,0.8,75.0
3301,55.01,-3.6,4.35,0.21,0.21,6355.0,117.0,133.0,0.21,125.0
3302,53.71,-0.7,-8.18,0.21,0.21,6356.0,128.0,138.0,0.21,133.0
3305,53.57,-3.03,-2.6,0.21,0.21,6364.0,479.0,453.0,0.21,466.0
3310,54.38,-4.5,2.12,0.5,0.5,6387.0,105.0,91.0,0.5,98.0
3311,53.77,-0.73,-7.35,0.22,0.22,6390.0,91.0,85.0,0.22,88.0
3312,53.57,-3.02,-2.74,0.21,0.21,6390.0,91.0,85.0,0.21,88.0
3315,54.67,-1.19,-2.13,0.21,0.21,6399.0,227.0,121.0,0.21,174.0
3321,54.67,-1.19,-2.54,0.21,0.21,6437.0,189.0,137.0,0.21,163.0
3324,53.92,-3.01,-1.14,0.21,0.21,6444.0,171.0,136.0,0.21,153.5
3325,53.58,-0.08,-10.58,0.21,0.21,6447.0,110.0,129.0,0.21,119.5
3338,53.78,-0.75,-8.81,0.21,0.21,6511.0,208.0,207.0,0.21,207.5
3340,55.34,-1.6,-1.09,0.21,0.21,6518.0,147.0,158.0,0.21,152.5
3341,54.57,-1.28,-5.74,0.21,0.21,6518.0,331.0,302.0,0.21,316.5
3344,54.23,-3.02,-1.29,0.21,0.21,6540.0,126.0,133.0,0.21,129.5
3346,54.93,-4.45,5.49,0.21,0.21,6571.0,213.0,221.0,0.21,217.0
3349,53.74,-2.93,-2.33,0.21,0.21,6575.0,205.0,176.0,0.21,190.5
3356,55.26,-4.82,6.07,0.21,0.21,6610.0,168.0,164.0,0.21,166.0
3360,54.63,-1.21,-2.45,0.22,0.22,6637.0,240.0,225.0,0.22,232.5
3367,55.44,-1.59,-2.23,0.5,0.5,6665.0,83.0,118.0,0.5,100.5
3369,53.66,-0.71,-8.98,0.4,0.4,6691.0,152.0,160.0,0.4,156.0
3374,54.93,-3.21,0.43,0.3,0.3,6714.0,537.0,432.0,0.3,484.5
3375,53.58,-0.08,-11.05,0.21,0.21,6721.0,131.0,88.0,0.21,109.5
3379,55.02,-3.63,2.34,0.21,0.21,6736.0,186.0,183.0,0.21,184.5
3384,53.28,-2.78,-2.84,0.21,0.21,6766.0,115.0,95.0,0.21,105.0
3386,53.75,-2.94,-3.38,0.21,0.21,6774.0,121.0,112.0,0.21,116.5
3388,53.31,-3.53,-2.74,0.34,0.34,6781.0,467.0,431.0,0.34,449.0
3389,53.74,-2.93,-2.28,0.21,0.21,6787.0,213.0,226.0,0.21,219.5
3396,54.67,-1.19,-3.41,0.25,0.25,6823.0,337.0,287.0,0.25,312.0
3397,55.44,-1.59,-2.76,0.28,0.28,6824.0,104.0,89.0,0.28,96.5
3398,53.68,-0.53,-8.96,0.21,0.21,6825.0,123.0,147.0,0.21,135.0
3401,54.38,-4.5,1.43,0.5,0.5,6830.0,122.0,152.0,0.5,137.0
3402,54.23,-3.02,-1.33,0.21,0.21,6832.0,170.0,169.0,0.21,169.5
3403,53.68,-0.53,-8.66,0.21,0.21,6841.0,139.0,162.0,0.21,150.5
3404,53.57,-3.17,-1.99,0.21,0.21,6841.0,437.0,442.0,0.21,439.5
3409,54.36,-3.41,0.49,0.26,0.26,6875.0,106.0,120.0,0.26,113.0
3410,53.75,-2.94,-3.8,0.21,0.21,6878.0,278.0,205.0,0.21,241.5
3411,54.23,-3.02,-1.42,0.21,0.21,6880.0,275.0,202.0,0.21,238.5
3415,53.57,-3.03,-3.27,0.21,0.21,6906.0,250.0,166.0,0.21,208.0
3416,53.6,-0.14,-9.68,0.21,0.21,6907.0,249.0,167.0,0.21,208.0
3417,53.57,-3.17,-2.21,0.21,0.21,6910.0,250.0,180.0,0.21,215.0
3418,54.68,-1.2,-4.68,0.25,0.25,6912.0,250.0,233.0,0.25,241.5
3422,54.98,-3.37,3.44,0.21,0.21,6958.0,455.0,452.0,0.21,453.5
3424,54.38,-4.5,1.57,0.5,0.5,6964.0,195.0,169.0,0.5,182.0
3428,54.94,-4.42,4.66,0.21,0.21,6980.0,186.0,190.0,0.21,188.0
3430,53.15,0.32,-9.34,0.21,0.21,7001.0,165.0,201.0,0.21,183.0
3433,53.6,-0.14,-9.57,0.21,0.21,7030.0,213.0,230.0,0.21,221.5
3434,53.62,0.06,-10.03,0.21,0.21,7039.0,200.0,232.0,0.21,216.0
3436,54.57,-1.28,-5.62,0.21,0.21,7061.0,188.0,174.0,0.21,181.0
3437,54.59,-1.3,-4.54,0.21,0.21,7061.0,188.0,174.0,0.21,181.0
3439,55.26,-4.82,6.38,0.21,0.21,7064.0,210.0,272.0,0.21,241.0
3442,54.38,-4.5,0.97,0.5,0.5,7072.0,174.0,158.0,0.5,166.0
3444,54.67,-1.19,-3.26,0.25,0.25,7074.0,213.0,277.0,0.25,245.0
3445,55.39,-1.62,-1.72,0.22,0.22,7080.0,161.0,132.0,0.22,146.5
3448,53.57,-3.17,-2.49,0.21,0.21,7103.0,305.0,300.0,0.21,302.5
3449,54.94,-4.42,2.53,0.41,0.41,7107.0,469.0,541.0,0.41,505.0
3452,54.31,-3.41,-1.15,0.35,0.35,7128.0,192.0,223.0,0.35,207.5
3455,53.74,-2.93,-2.67,0.21,0.21,7145.0,275.0,259.0,0.21,267.0
3457,53.62,-0.17,-9.86,0.21,0.21,7158.0,251.0,218.0,0.21,234.5
3459,53.74,-2.93,-2.87,0.22,0.22,7178.0,96.0,178.0,0.22,137.0
3465,53.74,-2.93,-3.29,0.21,0.21,7210.0,207.0,209.0,0.21,208.0
3466,55.44,-1.59,-3.14,0.28,0.28,7211.0,64.0,183.0,0.28,123.5
3467,55.69,-1.94,1.49,0.21,0.21,7211.0,201.0,206.0,0.21,203.5
3468,55.26,-4.82,6.85,0.21,0.21,7214.0,93.0,185.0,0.21,139.0
3469,55.44,-1.59,-3.07,0.28,0.28,7219.0,99.0,190.0,0.28,144.5
3474,53.31,-3.76,-3.47,0.21,0.21,7254.0,206.0,289.0,0.21,247.5
3476,54.59,-1.3,-6.08,0.22,0.22,7279.0,156.0,268.0,0.22,212.0
3479,53.56,-3.01,-3.66,0.22,0.22,7297.0,627.0,639.0,0.22,633.0
3484,54.98,-3.38,3.24,0.23,0.23,7337.0,585.0,603.0,0.23,594.0
3485,53.29,-2.79,-5.85,0.51,0.51,7346.0,79.0,84.0,0.51,81.5
3487,53.41,-3.14,-3.46,0.21,0.21,7350.0,89.0,165.0,0.21,127.0
3491,54.93,-4.45,4.86,0.21,0.21,7378.0,182.0,126.0,0.21,154.0
3492,53.47,0.05,-10.26,0.21,0.21,7388.0,98.0,112.0,0.21,105.0
3494,54.74,-3.45,-0.11,0.21,0.21,7401.0,171.0,148.0,0.21,159.5
3495,53.47,0.05,-10.49,0.21,0.21,7401.0,105.0,114.0,0.21,109.5
3496,55.67,-1.87,0.45,0.21,0.21,7409.0,153.0,139.0,0.21,146.0
3500,54.38,-4.5,1.08,0.5,0.5,7417.0,143.0,142.0,0.5,142.5
3501,54.37,-3.43,-0.02,0.26,0.26,7419.0,63.0,99.0,0.26,81.0
3502,54.91,-3.11,1.36,0.21,0.21,7425.0,136.0,132.0,0.21,134.0
3503,53.62,-0.17,-10.17,0.21,0.21,7433.0,133.0,140.0,0.21,136.5
3504,54.23,-3.02,-1.27,0.21,0.21,7434.0,132.0,140.0,0.21,136.0
3506,53.81,-3.03,-4.63,0.21,0.21,7441.0,172.0,189.0,0.21,180.5
3507,55.24,-1.55,-2.14,0.21,0.21,7442.0,119.0,123.0,0.21,121.0
3508,54.94,-4.42,2.78,0.41,0.41,7444.0,212.0,197.0,0.41,204.5
3510,55.34,-1.6,-1.77,0.21,0.21,7465.0,101.0,120.0,0.21,110.5
3511,54.91,-3.11,1.37,0.21,0.21,7465.0,158.0,201.0,0.21,179.5
3516,55.44,-1.59,-3.55,0.28,0.28,7484.0,80.0,55.0,0.28,67.5
3520,54.59,-1.3,-5.31,0.21,0.21,7507.0,106.0,87.0,0.21,96.5
3524,55.39,-1.62,-1.17,0.21,0.21,7520.0,66.0,87.0,0.21,76.5
3525,53.58,-0.08,-11.68,0.21,0.21,7527.0,57.0,86.0,0.21,71.5
3526,55.0,-3.48,4.12,0.43,0.43,7527.0,190.0,220.0,0.43,205.0
3529,53.36,0.23,-12.24,0.35,0.35,7537.0,207.0,205.0,0.35,206.0
3531,54.23,-3.02,-2.54,0.22,0.22,7548.0,109.0,106.0,0.22,107.5
3532,53.39,-3.14,-5.79,0.21,0.21,7549.0,112.0,112.0,0.21,112.0
3534,55.7,-1.94,0.35,0.21,0.21,7570.0,96.0,101.0,0.21,98.5
3537,54.38,-4.5,0.14,0.5,0.5,7594.0,187.0,164.0,0.5,175.5
3539,53.57,-3.0,-4.47,0.21,0.21,7618.0,173.0,175.0,0.21,174.0
3540,53.57,-3.03,-4.18,0.21,0.21,7620.0,318.0,299.0,0.21,308.5
3543,53.28,-2.78,-5.18,0.21,0.21,7640.0,82.0,68.0,0.21,75.0
3544,55.02,-3.63,2.3,0.21,0.21,7642.0,184.0,155.0,0.21,169.5
3548,54.93,-4.4,3.16,0.21,0.21,7659.0,266.0,220.0,0.21,243.0
3549,54.74,-3.45,-0.39,0.21,0.21,7668.0,261.0,224.0,0.21,242.5
3553,53.56,-3.02,-2.88,0.06,0.06,7685.0,232.0,164.0,0.06,198.0
3554,54.93,-3.21,-0.29,0.3,0.3,7686.0,136.0,103.0,0.3,119.5
3556,54.4,-4.36,1.25,0.21,0.21,7695.0,127.0,104.0,0.21,115.5
3557,53.03,0.19,-12.84,0.21,0.21,7700.0,139.0,118.0,0.21,128.5
3561,55.33,-1.55,-1.91,0.21,0.21,7708.0,125.0,112.0,0.21,118.5
3562,55.63,-1.81,-1.47,0.23,0.23,7709.0,112.0,94.0,0.23,103.0
3563,54.36,-3.41,-1.16,0.26,0.26,7712.0,104.0,92.0,0.26,98.0
3564,53.59,0.13,-13.11,0.21,0.21,7713.0,125.0,115.0,0.21,120.0
3565,54.87,-3.19,-0.14,0.21,0.21,7718.0,211.0,147.0,0.21,179.0
3566,53.36,0.23,-12.24,0.35,0.35,7725.0,147.0,145.0,0.35,146.0
3567,55.67,-1.87,-0.11,0.21,0.21,7726.0,191.0,135.0,0.21,163.0
3569,53.75,-2.94,-4.97,0.21,0.21,7729.0,194.0,142.0,0.21,168.0
3570,53.36,0.23,-13.2,0.35,0.35,7729.0,197.0,176.0,0.35,186.5
3571,54.93,-4.4,2.8,0.21,0.21,7729.0,187.0,122.0,0.21,154.5
3573,53.56,-3.02,-3.81,0.21,0.21,7731.0,443.0,415.0,0.21,429.0
3576,53.03,0.19,-12.69,0.4,0.4,7759.0,170.0,141.0,0.4,155.5
3578,55.63,-1.81,-1.13,0.22,0.22,7764.0,153.0,89.0,0.22,121.0
3579,55.39,-1.62,-2.34,0.21,0.21,7764.0,153.0,89.0,0.21,121.0
3581,55.39,-1.62,-1.93,0.8,0.8,7774.0,147.0,94.0,0.8,120.5
3584,55.03,-3.64,1.73,0.21,0.21,7786.0,159.0,160.0,0.21,159.5
3585,55.67,-1.87,-0.03,0.21,0.21,7790.0,150.0,127.0,0.21,138.5
3586,54.93,-4.4,2.8,0.21,0.21,7794.0,128.0,100.0,0.21,114.0
3589,53.57,-3.0,-4.25,0.21,0.21,7814.0,118.0,120.0,0.21,119.0
3591,54.36,-3.41,-0.61,0.26,0.26,7815.0,114.0,113.0,0.26,113.5
3592,55.44,-1.59,-4.02,0.6,0.6,7825.0,106.0,105.0,0.6,105.5
3593,53.56,-3.01,-4.53,0.21,0.21,7843.0,153.0,167.0,0.21,160.0
3594,54.59,-1.3,-6.04,0.21,0.21,7864.0,115.0,169.0,0.21,142.0
3596,54.98,-3.37,2.07,0.21,0.21,7868.0,97.0,137.0,0.21,117.0
3597,55.34,-1.6,-1.99,0.4,0.4,7871.0,85.0,113.0,0.4,99.0
3600,54.93,-4.4,2.46,0.98,0.98,7879.0,117.0,150.0,0.98,133.5
3604,54.61,-1.22,-5.22,0.21,0.21,7894.0,76.0,99.0,0.21,87.5
3606,54.37,-3.43,-1.32,0.26,0.26,7897.0,74.0,98.0,0.26,86.0
3607,55.44,-1.59,-4.05,0.6,0.6,7900.0,70.0,64.0,0.6,67.0
3608,53.31,-3.53,-6.09,0.34,0.34,7903.0,289.0,294.0,0.34,291.5
3609,55.04,-3.65,0.73,0.21,0.21,7908.0,243.0,212.0,0.21,227.5
3612,53.36,0.23,-13.59,0.35,0.35,7919.0,145.0,150.0,0.35,147.5
3614,54.93,-4.4,2.55,0.98,0.98,7929.0,39.0,75.0,0.98,57.0
3615,55.39,-1.62,-2.01,0.21,0.21,7939.0,85.0,111.0,0.21,98.0
3618,54.93,-4.4,2.55,0.98,0.98,7945.0,51.0,80.0,0.98,65.5
3620,55.44,-1.59,-4.02,0.6,0.6,7949.0,63.0,91.0,0.6,77.0
3622,54.93,-4.4,2.42,0.98,0.98,7958.0,47.0,81.0,0.98,64.0
3624,55.34,-1.6,-3.57,0.21,0.21,7960.0,196.0,162.0,0.21,179.0
3627,55.57,-1.65,-2.44,0.21,0.21,7969.0,184.0,128.0,0.21,156.0
3629,53.92,-3.01,-2.69,0.21,0.21,7974.0,192.0,146.0,0.21,169.0
3630,55.44,-1.59,-4.52,0.6,0.6,7980.0,60.0,104.0,0.6,82.0
3631,55.44,-1.59,-4.49,0.6,0.6,7988.0,52.0,51.0,0.6,51.5
3632,55.63,-1.81,-1.65,0.22,0.22,7993.0,162.0,108.0,0.22,135.0
3634,53.36,0.23,-13.59,0.35,0.35,8018.0,155.0,159.0,0.35,157.0
3635,53.36,0.23,-13.2,0.35,0.35,8035.0,212.0,200.0,0.35,206.0
3637,55.04,-3.65,-0.41,0.21,0.21,8038.0,260.0,207.0,0.21,233.5
3638,54.93,-4.4,3.49,0.21,0.21,8039.0,273.0,244.0,0.21,258.5
3639,55.02,-3.63,1.15,0.21,0.21,8044.0,135.0,109.0,0.21,122.0
3640,55.63,-1.81,-1.9,0.23,0.23,8046.0,115.0,78.0,0.23,96.5
3641,53.36,0.23,-14.1,0.21,0.21,8051.0,116.0,90.0,0.21,103.0
3642,54.93,-4.4,2.26,0.21,0.21,8068.0,234.0,200.0,0.21,217.0
3643,54.61,-1.23,-6.3,0.21,0.21,8068.0,234.0,200.0,0.21,217.0
3645,54.97,-3.3,0.77,0.22,0.22,8082.0,237.0,209.0,0.22,223.0
3646,53.25,-4.29,-7.44,0.52,0.52,8085.0,267.0,246.0,0.52,256.5
3647,54.23,-3.02,-2.4,0.21,0.21,8090.0,192.0,137.0,0.21,164.5
3650,55.44,-1.59,-3.25,2.02,2.02,8093.0,78.0,86.0,2.02,82.0
3651,55.44,-1.59,-3.23,2.02,2.02,8107.0,77.0,86.0,2.02,81.5
3652,54.98,-3.37,1.35,0.21,0.21,8110.0,193.0,138.0,0.21,165.5
3654,55.57,-1.65,-2.78,0.21,0.21,8126.0,183.0,118.0,0.21,150.5
3658,54.93,-4.4,1.67,0.98,0.98,8154.0,166.0,136.0,0.98,151.0
3659,53.28,-2.78,-5.83,0.8,0.8,8163.0,155.0,139.0,0.8,147.0
3660,54.91,-3.14,-0.76,0.21,0.21,8167.0,146.0,137.0,0.21,141.5
3661,55.57,-1.65,-2.27,0.21,0.21,8173.0,187.0,168.0,0.21,177.5
3664,53.36,0.23,-13.82,0.21,0.21,8178.0,143.0,145.0,0.21,144.0
3665,55.03,-3.64,1.73,0.21,0.21,8179.0,195.0,181.0,0.21,188.0
3666,54.4,-4.39,-1.43,0.22,0.22,8189.0,194.0,206.0,0.22,200.0
3668,54.97,-3.31,0.58,1.01,1.01,8214.0,297.0,276.0,1.01,286.5
3669,54.93,-4.4,1.67,0.98,0.98,8238.0,102.0,178.0,0.98,140.0
3671,54.59,-1.3,-6.34,0.21,0.21,8239.0,131.0,191.0,0.21,161.0
3675,55.67,-1.87,-0.45,0.21,0.21,8249.0,132.0,200.0,0.21,166.0
3677,54.93,-4.4,1.87,0.98,0.98,8255.0,63.0,76.0,0.98,69.5
3679,54.93,-4.4,1.87,0.98,0.98,8266.0,77.0,69.0,0.98,73.0
3680,55.04,-3.64,1.01,0.21,0.21,8270.0,150.0,231.0,0.21,190.5
3681,55.26,-4.82,5.52,0.21,0.21,8272.0,112.0,101.0,0.21,106.5
3683,53.36,0.23,-13.01,0.35,0.35,8274.0,125.0,131.0,0.35,128.0
3694,54.97,-3.3,-2.07,1.01,1.01,8342.0,284.0,327.0,1.01,305.5
3695,54.93,-4.4,2.96,0.21,0.21,8344.0,727.0,660.0,0.21,693.5
3696,55.04,-3.65,-0.01,0.21,0.21,8346.0,191.0,168.0,0.21,179.5
3698,54.93,-4.4,1.6,0.98,0.98,8350.0,38.0,136.0,0.98,87.0
3706,53.75,-2.94,-6.13,0.21,0.21,8412.0,169.0,205.0,0.21,187.0
3709,55.34,-1.6,-3.2,0.21,0.21,8420.0,161.0,196.0,0.21,178.5
3710,53.32,-3.84,-8.76,0.22,0.22,8433.0,109.0,64.0,0.22,86.5
3711,55.4,-1.61,-3.96,0.21,0.21,8449.0,101.0,77.0,0.21,89.0
3713,55.02,-3.63,-1.26,0.22,0.22,8473.0,102.0,83.0,0.22,92.5
3714,53.24,-4.12,-10.12,0.23,0.23,8476.0,72.0,69.0,0.23,70.5
3717,55.03,-3.64,-0.82,0.22,0.22,8493.0,92.0,80.0,0.22,86.0
3719,54.19,-3.04,-20.39,1.1,1.1,8516.0,255.0,168.0,1.1,211.5
3720,54.27,-3.01,-4.74,0.22,0.22,8543.0,427.0,173.0,0.22,300.0
3721,55.04,-3.65,-1.42,0.21,0.21,8546.0,147.0,132.0,0.21,139.5
3726,54.98,-3.09,-2.89,0.21,0.21,8572.0,181.0,151.0,0.21,166.0
3727,53.39,-3.14,-8.97,0.21,0.21,8583.0,168.0,153.0,0.21,160.5
3728,54.96,-1.67,-5.68,0.21,0.21,8586.0,386.0,179.0,0.21,282.5
3731,53.76,-3.0,-13.45,0.21,0.21,8606.0,342.0,177.0,0.21,259.5
3732,54.93,-4.4,-0.35,0.41,0.41,8621.0,354.0,197.0,0.41,275.5
3733,54.93,-4.4,-0.65,0.98,0.98,8626.0,347.0,178.0,0.98,262.5
3734,54.97,-3.29,-0.65,0.43,0.43,8645.0,349.0,246.0,0.43,297.5
3736,54.4,-4.39,-3.86,0.21,0.21,8659.0,327.0,242.0,0.21,284.5
3737,54.93,-4.4,1.81,0.21,0.21,8661.0,319.0,235.0,0.21,277.0
3741,55.34,-1.6,-5.1,0.21,0.21,8711.0,268.0,160.0,0.21,214.0
3743,53.92,-3.01,-3.88,0.23,0.23,8716.0,279.0,234.0,0.23,256.5
3744,55.4,-1.61,-3.62,0.21,0.21,8719.0,260.0,161.0,0.21,210.5
3747,55.34,-1.6,-4.69,0.21,0.21,8745.0,235.0,152.0,0.21,193.5
3749,54.93,-4.4,-0.66,0.98,0.98,8770.0,207.0,130.0,0.98,168.5
3753,53.57,-3.02,-9.79,0.21,0.21,8818.0,210.0,254.0,0.21,232.0
3754,54.98,-3.09,-3.24,0.8,0.8,8821.0,177.0,190.0,0.8,183.5
3757,54.14,-3.04,-15.71,0.82,0.82,8850.0,221.0,249.0,0.82,235.0
3763,54.62,-1.16,-15.46,0.21,0.21,8870.0,218.0,239.0,0.21,228.5
3764,54.93,-4.4,-0.66,0.98,0.98,8871.0,122.0,146.0,0.98,134.0
3765,54.93,-4.4,-0.66,0.98,0.98,8873.0,121.0,148.0,0.98,134.5
3766,54.93,-4.4,-0.71,0.98,0.98,8874.0,121.0,149.0,0.98,135.0
3767,55.55,-4.64,5.36,0.21,0.21,8876.0,382.0,291.0,0.21,336.5
3770,54.36,-3.41,-2.75,0.26,0.26,8926.0,164.0,201.0,0.26,182.5
3771,55.6,-4.64,3.18,0.26,0.26,8978.0,267.0,320.0,0.26,293.5
3772,53.24,-4.12,-9.23,0.51,0.51,9016.0,113.0,236.0,0.51,174.5
3780,53.24,-4.12,-8.98,0.23,0.23,9085.0,165.0,77.0,0.23,121.0
3786,54.94,-4.42,-4.73,0.21,0.21,9162.0,244.0,166.0,0.21,205.0
3789,53.24,-4.12,-10.44,0.51,0.51,9194.0,200.0,163.0,0.51,181.5
3791,54.94,-4.42,-5.15,0.21,0.21,9301.0,188.0,269.0,0.21,228.5
3793,54.09,-2.84,-20.63,1.44,1.44,9309.0,218.0,280.0,1.44,249.0
3798,53.74,-3.01,-14.94,0.21,0.21,9376.0,168.0,283.0,0.21,225.5
3800,55.32,-4.83,3.54,0.24,0.24,9389.0,314.0,379.0,0.24,346.5
3802,54.93,-4.4,-2.72,0.21,0.21,9409.0,129.0,267.0,0.21,198.0
3811,53.25,-4.1,-16.67,0.5,0.5,9541.0,81.0,52.0,0.5,66.5
3812,54.93,-4.4,-4.51,0.21,0.21,9561.0,204.0,128.0,0.21,166.0
3813,53.76,-3.0,-14.01,0.21,0.21,9573.0,329.0,253.0,0.21,291.0
3815,54.91,-4.46,-1.17,0.21,0.21,9594.0,293.0,150.0,0.21,221.5
3817,53.25,-4.1,-16.37,0.21,0.21,9643.0,240.0,100.0,0.21,170.0
3819,54.18,-3.03,-21.09,1.0,1.0,9733.0,385.0,189.0,1.0,287.0
3821,54.16,-3.02,-20.03,1.13,1.13,9752.0,466.0,419.0,1.13,442.5
3824,53.34,1.74,-35.12,0.21,0.21,9801.0,346.0,246.0,0.21,296.0
3828,54.03,-2.93,-20.54,0.96,0.96,9998.0,499.0,460.0,0.96,479.5
3832,55.6,-4.64,4.9,0.22,0.22,10043.0,203.0,300.0,0.22,251.5
3838,55.55,-4.64,4.89,0.8,0.8,10249.0,904.0,726.0,0.8,815.0
3841,53.08,2.42,-41.05,0.87,0.87,10336.0,166.0,127.0,0.87,146.5
3843,54.03,-2.93,-20.87,0.85,0.85,10393.0,666.0,487.0,0.85,576.5
3844,55.86,-4.5,-1.0,0.22,0.22,10411.0,243.0,184.0,0.22,213.5
3846,55.86,-4.49,7.32,0.21,0.21,10475.0,215.0,225.0,0.21,220.0
3847,53.24,-4.12,-24.08,0.21,0.21,10490.0,162.0,199.0,0.21,180.5
3848,53.25,-4.1,-20.54,0.5,0.5,10498.0,156.0,204.0,0.5,180.0
3849,53.25,-4.1,-20.26,0.21,0.21,10513.0,142.0,213.0,0.21,177.5
3850,54.93,-4.4,-9.77,0.21,0.21,10578.0,132.0,146.0,0.21,139.0
3851,54.35,-3.41,-5.1,0.34,0.34,10580.0,170.0,277.0,0.34,223.5
3852,55.26,-4.83,3.49,0.49,0.49,10602.0,488.0,362.0,0.49,425.0
3853,54.92,-3.58,-4.5,0.89,0.89,10636.0,452.0,377.0,0.89,414.5
3855,55.26,-4.82,5.72,0.8,0.8,10698.0,363.0,122.0,0.8,242.5
3857,55.6,-4.64,4.6,0.87,0.87,10856.0,371.0,429.0,0.87,400.0
3862,55.6,-4.64,4.6,0.87,0.87,10944.0,346.0,429.0,0.87,387.5
3865,53.24,-4.12,-24.44,0.5,0.5,11155.0,83.0,330.0,0.5,206.5
