,rank,loo,p_loo,d_loo,weight,se,dse,warning,loo_scale,LMV,UMV,lithosphere,ice_history,esl_curve,deglacial_rate,true_model
output96Cp510_Colleoni_Wael_S,0,-23.96548899255196,3.908472889365722,0.0,0.07721752907620642,3.8282622282186314e-13,0.0,True,log,1e+22,5e+20,96,Colleoni,Wael,S,False
output71Cp520_Colleoni_Wael_S,1,-24.209584070923718,3.55533762657209,0.2440950783717568,0.060493227308548586,5.0665732941126886e-14,0.0,True,log,2e+22,5e+20,71,Colleoni,Wael,S,False
output71Cp35_Colleoni_Wael_S,2,-24.378933141180894,3.3074967703123583,0.4134441486289333,0.05106923919240984,3.406255279516317e-13,0.0,True,log,5e+21,3e+20,71,Colleoni,Wael,S,False
output96Cp510_Lambeck_Wael_S,3,-24.40966230653399,4.099436643647742,0.4441733139820272,0.049523790874878584,1.6967233863217096e-13,0.0,True,log,1e+22,5e+20,96,Lambeck,Wael,S,False
output71Cp57_Colleoni_Wael_S,4,-24.44382186202565,4.065493548884078,0.47833286947368947,0.04786064802280712,3.916794245283798e-13,0.0,True,log,7e+21,5e+20,71,Colleoni,Wael,S,False
output96Cp520_Colleoni_Wael_S,5,-24.52869226293185,4.376325265575787,0.563203270379887,0.04396629077059331,1.99839560207647e-13,0.0,True,log,2e+22,5e+20,96,Colleoni,Wael,S,False
output71Cp510_Lambeck_Wael_S,6,-24.635725529381535,3.988120341097101,0.6702365368295737,0.039503526839588646,3.0641623082863434e-13,0.0,True,log,1e+22,5e+20,71,Lambeck,Wael,S,False
output71Cp330_Colleoni_Wael_S,7,-24.649038122140563,4.546244263471021,0.6835491295886023,0.03898111750093204,8.522150979444321e-13,0.0,True,log,3e+22,3e+20,71,Colleoni,Wael,S,False
output71Cp310_Colleoni_Wael_S,8,-24.721737838586733,4.781277113193262,0.7562488460347723,0.036247762156968136,4.1167945658249965e-13,0.0,True,log,1e+22,3e+20,71,Colleoni,Wael,S,False
output71Cp320_Colleoni_Wael_S,9,-24.87542579574969,4.885579672023177,0.9099368031977271,0.031083890313593078,6.497106672309645e-13,0.0,True,log,2e+22,3e+20,71,Colleoni,Wael,S,False
output96Cp57_Lambeck_Wael_S,10,-24.87632006600961,4.0539241476487895,0.9108310734576506,0.031056105340412178,4.182375499789938e-14,0.0,True,log,7e+21,5e+20,96,Lambeck,Wael,S,False
output71Cp57_Lambeck_Wael_S,11,-24.891201091419916,3.9168333681308454,0.9257120988679546,0.03059738026263026,6.457241390341117e-13,0.0,True,log,7e+21,5e+20,71,Lambeck,Wael,S,False
output96Cp57_Colleoni_Wael_S,12,-24.984132632715525,4.429515460304245,1.018643640163564,0.027882042724584468,2.851006132075999e-13,0.0,True,log,7e+21,5e+20,96,Colleoni,Wael,S,False
output96Cp310_Lambeck_Wael_S,13,-24.999000929003277,3.9257397197853017,1.0335119364513154,0.0274705509238051,7.167779945729255e-13,0.0,True,log,1e+22,3e+20,96,Lambeck,Wael,S,False
output96Cp330_Colleoni_Wael_S,14,-25.00266516711916,4.328162023420823,1.0371761745672003,0.027370076477612828,6.030918729923649e-13,0.0,True,log,3e+22,3e+20,96,Colleoni,Wael,S,False
output71Cp530_Colleoni_Wael_S,15,-25.07159915608574,4.428069882636187,1.1061101635337778,0.025546908934537083,2.7624755682774806e-13,0.0,True,log,3e+22,5e+20,71,Colleoni,Wael,S,False
output96Cp310_Colleoni_Wael_S,16,-25.124721346376667,4.548786267783534,1.1592323538247058,0.024225217546986984,7.096726052521074e-13,0.0,True,log,1e+22,3e+20,96,Colleoni,Wael,S,False
output71Cp310_Lambeck_Wael_S,17,-25.175218827761473,4.1725987347006,1.2097298352095116,0.023032278765113767,4.338696216457359e-13,0.0,True,log,1e+22,3e+20,71,Lambeck,Wael,S,False
output71Cp320_Lambeck_Wael_S,18,-25.189474969694785,4.124581386841779,1.2239859771428243,0.022706256759623792,2.064976738832869e-13,0.0,True,log,2e+22,3e+20,71,Lambeck,Wael,S,False
output96Cp530_Lambeck_Wael_S,19,-25.21848001786865,4.605647481635376,1.252991025316689,0.022057120314245327,3.6861564232978467e-13,0.0,True,log,3e+22,5e+20,96,Lambeck,Wael,S,False
output71Cp37_Colleoni_Wael_S,20,-25.242716302479675,4.862200021043069,1.2772273099277136,0.021528963797339526,6.190505464391208e-13,0.0,True,log,7e+21,3e+20,71,Colleoni,Wael,S,True
output71Cp55_Colleoni_Wael_S,21,-25.28274720971135,4.2811411819275875,1.317258217159388,0.020684161752317482,5.266807622566214e-13,0.0,True,log,5e+21,5e+20,71,Colleoni,Wael,S,False
output96Cp530_Colleoni_Wael_S,22,-25.455427378866162,5.119367278006109,1.4899383863142006,0.017403791860827637,3.757209299828706e-13,0.0,True,log,3e+22,5e+20,96,Colleoni,Wael,S,False
output71Cp530_Lambeck_Wael_S,23,-25.582919176942326,4.4514324865551735,1.617430184390365,0.01532056904326105,2.7646413431492655e-14,0.0,True,log,3e+22,5e+20,71,Lambeck,Wael,S,False
output71Cp330_Lambeck_Wael_S,24,-25.585955142844053,4.254098886081355,1.620466150292092,0.015274126852176552,2.411503693685171e-13,0.0,True,log,3e+22,3e+20,71,Lambeck,Wael,S,False
output71Cp510_Colleoni_Wael_S,25,-25.610996825765678,5.359113138265368,1.645507833213717,0.014896386378659058,6.3326130244282e-13,0.0,True,log,1e+22,5e+20,71,Colleoni,Wael,S,False
output96Cp320_Colleoni_Wael_S,26,-25.717443069709176,5.195257387010233,1.7519540771572153,0.013392199554669429,8.617070226396173e-14,0.0,True,log,2e+22,3e+20,96,Colleoni,Wael,S,False
output96Cp35_Colleoni_Wael_S,27,-25.952070354928306,4.269114439347593,1.986581362376345,0.01059142942706086,3.561529812496278e-13,0.0,True,log,5e+21,3e+20,96,Colleoni,Wael,S,False
output96Cp520_Lambeck_Wael_S,28,-26.022359272343753,5.443347977127491,2.0568702797917915,0.009872530583655578,4.4141663266078897e-13,0.0,True,log,2e+22,5e+20,96,Lambeck,Wael,S,False
output96Cp55_Lambeck_Wael_S,29,-26.02343941302288,4.240640310980819,2.0579504204709202,0.009861872618853204,1.99839560207647e-13,0.0,True,log,5e+21,5e+20,96,Lambeck,Wael,S,False
output96Cp37_Colleoni_Wael_S,30,-26.040753015641794,5.011818455288477,2.075264023089833,0.00969259768321501,7.665157395637717e-13,0.0,True,log,7e+21,3e+20,96,Colleoni,Wael,S,False
output71Cp37_Lambeck_Wael_S,31,-26.081983066796806,4.816565403024274,2.1164940742448444,0.009301097626820052,4.4852196229108985e-13,0.0,True,log,7e+21,3e+20,71,Lambeck,Wael,S,False
output48Cp310_Colleoni_Wael_S,32,-26.194537594924828,4.077492608604633,2.229048602372867,0.00831098296982448,3.193093792982585e-13,0.0,True,log,1e+22,3e+20,48,Colleoni,Wael,S,False
output71Cp55_Lambeck_Wael_S,33,-26.331393885248165,4.53545681040254,2.3659048926962036,0.007247971228339086,1.99839560207647e-13,0.0,True,log,5e+21,5e+20,71,Lambeck,Wael,S,False
output71Cp53_Colleoni_Wael_S,34,-26.350661826402103,3.3552120507582686,2.3851728338501417,0.007109654563095733,5.551022069669179e-13,0.0,False,log,3e+21,5e+20,71,Colleoni,Wael,S,False
output96Cp320_Lambeck_Wael_S,35,-26.391077030231028,5.279179150101914,2.4255880376790664,0.006828045401009625,3.3483718592158526e-13,0.0,True,log,2e+22,3e+20,96,Lambeck,Wael,S,False
output96Cp330_Lambeck_Wael_S,36,-26.541152776868422,5.118659863910711,2.575663784316461,0.005876507997462231,5.764183076311902e-13,0.0,True,log,3e+22,3e+20,96,Lambeck,Wael,S,False
output71Cp520_Lambeck_Wael_S,37,-26.578991317753964,5.490589666223254,2.6135023252020027,0.005658303807380229,6.030918729923649e-13,0.0,True,log,2e+22,5e+20,71,Lambeck,Wael,S,False
output48Cp330_Colleoni_Wael_S,38,-26.762780584762233,4.862091146025701,2.7972915922102715,0.004708337623824319,2.5536106698410525e-13,0.0,True,log,3e+22,3e+20,48,Colleoni,Wael,S,False
output96Cp35_Lambeck_Wael_S,39,-26.813317547715567,4.485267518818674,2.8478285551636056,0.004476305032854776,6.758935953590797e-13,0.0,True,log,5e+21,3e+20,96,Lambeck,Wael,S,False
output71Cp35_Lambeck_Wael_S,40,-26.889684184867633,4.796714307852547,2.924195192315672,0.0041471912567890975,6.048397950739062e-13,0.0,True,log,5e+21,3e+20,71,Lambeck,Wael,S,False
output48Cp330_Lambeck_Wael_S,41,-27.130006692198684,4.726588616421367,3.164517699646723,0.003261244242964289,3.8660479420422414e-14,0.0,True,log,3e+22,3e+20,48,Lambeck,Wael,S,False
output96Cp37_Lambeck_Wael_S,42,-27.168777581350316,5.59791840118411,3.2032885887983547,0.003137222652781127,1.927346352151476e-13,0.0,True,log,7e+21,3e+20,96,Lambeck,Wael,S,False
output48Cp37_Colleoni_Wael_S,43,-27.24297831084385,5.038353195556187,3.277489318291888,0.0029128651182884894,1.2746604949592728e-13,0.0,True,log,7e+21,3e+20,48,Colleoni,Wael,S,False
output96Cp33_Colleoni_Wael_S,44,-27.461508772249385,4.082022794041208,3.4960197796974235,0.002341066774753245,7.523049519545685e-13,0.0,True,log,3e+21,3e+20,96,Colleoni,Wael,S,False
output71Cp33_Colleoni_Wael_S,45,-27.491039221792313,4.617919205616079,3.525550229240352,0.0022729448070436154,5.608929911798085e-13,0.0,True,log,3e+21,3e+20,71,Colleoni,Wael,S,False
output96Cp53_Colleoni_Wael_S,46,-27.517447807727308,4.268683446747559,3.5519588151753467,0.0022137052086282213,3.3308929346836877e-13,0.0,True,log,3e+21,5e+20,96,Colleoni,Wael,S,False
output48Cp35_Colleoni_Wael_S,47,-27.696324609606116,5.166451523090203,3.7308356170541543,0.0018511200249218271,1.487815663758633e-13,0.0,True,log,5e+21,3e+20,48,Colleoni,Wael,S,False
output96Cp55_Colleoni_Wael_S,48,-27.724160676819917,6.31267223081748,3.7586716842679557,0.0018003026822322025,4.4852196229108985e-13,0.0,True,log,5e+21,5e+20,96,Colleoni,Wael,S,False
output48Cp320_Lambeck_Wael_S,49,-27.769560244002317,5.2226051122356765,3.804071251450356,0.0017203972791055575,4.836074517755781e-13,0.0,True,log,2e+22,3e+20,48,Lambeck,Wael,S,False
output48Cp37_Lambeck_Wael_S,50,-27.8047318471434,5.381037386743664,3.83924285459144,0.0016609398838611277,4.871601551886159e-13,0.0,True,log,7e+21,3e+20,48,Lambeck,Wael,S,False
output71Cp53_Lambeck_Wael_S,51,-28.112925876864225,4.322103456867897,4.147436884312263,0.0012204133435071759,2.0694451969627953e-13,0.0,True,log,3e+21,5e+20,71,Lambeck,Wael,S,False
output48Cp35_Lambeck_Wael_S,52,-28.23210571533005,5.245648996325464,4.266616722778089,0.0010832976504131504,3.770264393470394e-13,0.0,True,log,5e+21,3e+20,48,Lambeck,Wael,S,False
output48Cp310_Lambeck_Wael_S,53,-28.238686581719712,5.780101839948951,4.273197589167751,0.0010761920195632355,3.095252732195604e-13,0.0,True,log,1e+22,3e+20,48,Lambeck,Wael,S,False
output48Cp320_Colleoni_Wael_S,54,-28.36844682956164,6.175386225864376,4.40295783700968,0.0009452258879540058,4.5763172215010864e-14,0.0,True,log,2e+22,3e+20,48,Colleoni,Wael,S,False
output96Cp320_Colleoni_Wael_T,55,-28.546479874874652,6.515560923303735,4.580990882322691,0.0007910735037051015,5.764183076311902e-13,0.0,True,log,2e+22,3e+20,96,Colleoni,Wael,T,False
output48Cp530_Lambeck_Wael_S,56,-28.583384532165603,5.308970152887419,4.617895539613642,0.0007624113437253438,3.770264393470394e-13,0.0,True,log,3e+22,5e+20,48,Lambeck,Wael,S,False
output96Cp330_Colleoni_Wael_T,57,-28.60008458917325,6.627122043584883,4.634595596621288,0.0007497847566369989,3.899315205632712e-13,0.0,True,log,3e+22,3e+20,96,Colleoni,Wael,T,False
output71Cp33_Lambeck_Wael_S,58,-28.623030717411964,4.818856608608598,4.657541724860003,0.0007327759884362382,3.8413183330558037e-13,0.0,False,log,3e+21,3e+20,71,Lambeck,Wael,S,False
output96Cp33_Lambeck_Wael_S,59,-28.64400191532821,4.607347192440503,4.67851292277625,0.0007175688118372677,5.7467038687019e-13,0.0,True,log,3e+21,3e+20,96,Lambeck,Wael,S,False
output96Cp320_Lambeck_Wael_T,60,-28.707589122827194,6.220748454642454,4.742100130275233,0.0006733610340343387,2.7799542997765315e-13,0.0,True,log,2e+22,3e+20,96,Lambeck,Wael,T,False
output96Cp53_Lambeck_Wael_S,61,-28.774703916881574,5.060164466434433,4.809214924329613,0.0006296517233730783,3.3483718592158526e-13,0.0,True,log,3e+21,5e+20,96,Lambeck,Wael,S,False
output48Cp55_Colleoni_Wael_S,62,-28.87886629404693,5.282812569251561,4.913377301494968,0.0005673659269176495,2.3759769790092196e-13,0.0,True,log,5e+21,5e+20,48,Colleoni,Wael,S,False
output96Cp330_Lambeck_Wael_T,63,-28.948675249563685,6.434305631885135,4.983186257011724,0.0005291095576901538,4.4852196229108985e-13,0.0,True,log,3e+22,3e+20,96,Lambeck,Wael,T,False
output48Cp53_Colleoni_Wael_S,64,-28.978717481865022,4.71737125239893,5.013228489313061,0.0005134503223716035,1.878604649914353e-13,0.0,True,log,3e+21,5e+20,48,Colleoni,Wael,S,False
output48Cp57_Colleoni_Wael_S,65,-29.16383297194743,5.510511942939001,5.198343979395467,0.0004266814821431308,4.1610612023445837e-13,0.0,False,log,7e+21,5e+20,48,Colleoni,Wael,S,False
output48Cp520_Lambeck_Wael_S,66,-29.23304887291183,5.667986691648675,5.267559880359869,0.0003981472415259389,3.5926296023056993e-13,0.0,True,log,2e+22,5e+20,48,Lambeck,Wael,S,False
output71Cp330_Lambeck_Wael_T,67,-29.283206706523444,6.470198942630027,5.317717713971483,0.0003786695999158512,2.9444056361842783e-13,0.0,True,log,3e+22,3e+20,71,Lambeck,Wael,T,False
output48Cp510_Lambeck_Wael_S,68,-29.3193008127148,5.996564062406399,5.353811820162839,0.00036524558050811547,4.338696216457359e-13,0.0,True,log,1e+22,5e+20,48,Lambeck,Wael,S,False
output48Cp55_Lambeck_Wael_S,69,-29.333721591461167,5.731189688417327,5.368232598909206,0.0003600162509294115,5.901886079291893e-13,0.0,True,log,5e+21,5e+20,48,Lambeck,Wael,S,False
output48Cp33_Colleoni_Wael_S,70,-29.674291217279418,6.151890865805054,5.708802224727457,0.00025610295870919793,6.794856319859962e-14,0.0,True,log,3e+21,3e+20,48,Colleoni,Wael,S,False
output96Cp310_Lambeck_Wael_T,71,-29.681917362625686,7.226512826407124,5.716428370073725,0.0002541573086571103,3.98784728012075e-13,0.0,True,log,1e+22,3e+20,96,Lambeck,Wael,T,False
output48Cp33_Lambeck_Wael_S,72,-29.728614728702574,5.618817154094177,5.763125736150613,0.00024256168148183995,1.247874180312124e-13,0.0,True,log,3e+21,3e+20,48,Lambeck,Wael,S,False
output96Cp310_Colleoni_Wael_T,73,-29.781248190558685,7.72322780688339,5.815759198006724,0.00023012498463942366,3.1352145678021676e-13,0.0,True,log,1e+22,3e+20,96,Colleoni,Wael,T,False
output48Cp510_Colleoni_Wael_S,74,-29.781393877824513,5.771915395590227,5.815904885272552,0.00023009146080166433,6.11504849793641e-13,0.0,True,log,1e+22,5e+20,48,Colleoni,Wael,S,False
output71Cp310_Lambeck_Wael_T,75,-29.831230064532328,6.9405918785381395,5.865741071980366,0.00021890562455495442,2.0562372033047675e-13,0.0,True,log,1e+22,3e+20,71,Lambeck,Wael,T,False
output48Cp57_Lambeck_Wael_S,76,-30.181105113252947,6.94802972149504,6.215616120700986,0.00015427946260822807,7.705027680469532e-13,0.0,True,log,7e+21,5e+20,48,Lambeck,Wael,S,False
output71Cp320_Lambeck_Wael_T,77,-30.295341792512996,7.482282766931817,6.329852799961035,0.00013762450122137347,4.054480222049604e-13,0.0,True,log,2e+22,3e+20,71,Lambeck,Wael,T,False
output96Cp530_Lambeck_Wael_T,78,-30.354533157345735,7.232936905716858,6.3890441647937735,0.00012971472369159643,1.7677712088839828e-13,0.0,True,log,3e+22,5e+20,96,Lambeck,Wael,T,False
output48Cp53_Lambeck_Wael_S,79,-30.39370428375652,5.595534315418767,6.428215291204559,0.00012473188075161264,6.707472618566542e-14,0.0,True,log,3e+21,5e+20,48,Lambeck,Wael,S,False
output96Cp510_Lambeck_Wael_T,80,-30.447696499649034,7.5609177221063035,6.482207507097073,0.00011817590841882419,5.77645461296595e-14,0.0,True,log,1e+22,5e+20,96,Lambeck,Wael,T,False
output71Cp37_Lambeck_Wael_T,81,-30.560654911488626,7.434109653581807,6.595165918936665,0.00010555328028955289,4.112474406609535e-13,0.0,True,log,7e+21,3e+20,71,Lambeck,Wael,T,False
output71Cp330_Colleoni_Wael_T,82,-30.736348735714046,8.333750251507524,6.7708597431620845,8.854598553685957e-05,3.8413183330558037e-13,0.0,True,log,3e+22,3e+20,71,Colleoni,Wael,T,False
output48Cp520_Colleoni_Wael_S,83,-30.74526335195273,6.311207338560099,6.7797743594007684,8.776014001622305e-05,4.018953233686956e-13,0.0,True,log,2e+22,5e+20,48,Colleoni,Wael,S,False
output96Cp520_Lambeck_Wael_T,84,-30.810761365219147,7.701221272877657,6.845272372667186,8.219622678452806e-05,9.583615670718653e-13,0.0,True,log,2e+22,5e+20,96,Lambeck,Wael,T,False
output48Cp530_Colleoni_Wael_S,85,-30.87690932566217,6.54953361741633,6.9114203331102075,7.693504063642929e-05,4.685226748177368e-13,0.0,True,log,3e+22,5e+20,48,Colleoni,Wael,S,False
output96Cp37_Lambeck_Wael_T,86,-30.913684893320177,8.208873433701903,6.948195900768216,7.41571040184654e-05,7.736211342928873e-13,0.0,True,log,7e+21,3e+20,96,Lambeck,Wael,T,False
output96Cp520_ICE6G_Wael_S,87,-30.929914292351004,6.025473777539727,6.964425299799043,7.29632924122334e-05,9.862962811880149e-14,0.0,True,log,2e+22,5e+20,96,ICE6G,Wael,S,False
output96Cp57_Lambeck_Wael_T,88,-31.06717328214683,8.04762302347033,7.101684289594868,6.360534331578724e-05,5.266807622566214e-13,0.0,True,log,7e+21,5e+20,96,Lambeck,Wael,T,False
output71Cp320_Colleoni_Wael_T,89,-31.166015052430446,8.739801517804377,7.200526059878484,5.761919224679846e-05,3.805791361704198e-13,0.0,True,log,2e+22,3e+20,71,Colleoni,Wael,T,False
output71Cp530_Lambeck_Wael_T,90,-31.272049425669685,7.240205866856318,7.306560433117724,5.1822340376678204e-05,6.101972477732801e-13,0.0,True,log,3e+22,5e+20,71,Lambeck,Wael,T,False
output71Cp510_Lambeck_Wael_T,91,-31.290011032212455,7.4186554040688755,7.3245220396604935,5.0899837506800613e-05,8.233589131649993e-13,0.0,True,log,1e+22,5e+20,71,Lambeck,Wael,T,False
output96Cp530_ICE6G_Wael_S,92,-31.32781628765384,6.833831755306061,7.362327295101878,4.90114760459959e-05,3.916794245283798e-13,0.0,True,log,3e+22,5e+20,96,ICE6G,Wael,S,False
output96Cp37_Colleoni_Wael_T,93,-31.358956804431486,9.124779178091156,7.393467811879525,4.7508752581119303e-05,3.1352145678021676e-13,0.0,True,log,7e+21,3e+20,96,Colleoni,Wael,T,False
output96Cp520_Colleoni_Wael_T,94,-31.525752263058877,8.655867193357778,7.5602632705069155,4.0210111759628695e-05,1.83881952997408e-13,0.0,True,log,2e+22,5e+20,96,Colleoni,Wael,T,False
output96Cp530_Colleoni_Wael_T,95,-31.588776253396038,8.66126086617891,7.6232872608440765,3.775411626817181e-05,2.2651172985669537e-13,0.0,True,log,3e+22,5e+20,96,Colleoni,Wael,T,False
output96Cp57_Colleoni_Wael_T,96,-31.653148358063085,8.968800007079569,7.687659365511124,3.5400374716657646e-05,8.517805122411022e-13,0.0,True,log,7e+21,5e+20,96,Colleoni,Wael,T,False
output71Cp37_Colleoni_Wael_T,97,-31.691898589562342,8.997705959985119,7.726409597010381,3.4054840252029314e-05,3.0466834668427924e-13,0.0,True,log,7e+21,3e+20,71,Colleoni,Wael,T,False
output96Cp55_Lambeck_Wael_T,98,-31.77869356551655,8.133158388669468,7.81320457296459,3.122369300614918e-05,6.616828271702397e-13,0.0,True,log,5e+21,5e+20,96,Lambeck,Wael,T,False
output96Cp510_Colleoni_Wael_T,99,-31.8072696334422,9.213704137511641,7.841780640890239,3.0344070566093638e-05,3.8282622282186314e-13,0.0,True,log,1e+22,5e+20,96,Colleoni,Wael,T,False
output71Cp520_Colleoni_Wael_T,100,-32.09030039118295,8.081037336854,8.124811398630989,2.286415435521674e-05,8.446751117758505e-13,0.0,True,log,2e+22,5e+20,71,Colleoni,Wael,T,False
output96Cp53_Lambeck_Wael_T,101,-32.10120508703384,7.446285490940273,8.135716094481879,2.261618219382652e-05,7.043151422116997e-13,0.0,True,log,3e+21,5e+20,96,Lambeck,Wael,T,False
output71Cp35_Lambeck_Wael_T,102,-32.127702529122935,8.536586284558485,8.162213536570974,2.20247811258423e-05,1.7852490519303285e-13,0.0,True,log,5e+21,3e+20,71,Lambeck,Wael,T,False
output96Cp57_ICE6G_Wael_S,103,-32.15314109847632,6.898680616761915,8.187652105924357,2.1471568505116686e-05,1.0573319987994062e-13,0.0,True,log,7e+21,5e+20,96,ICE6G,Wael,S,False
output96Cp55_Colleoni_Wael_T,104,-32.188906777514774,9.056216900368632,8.223417784962813,2.0717194048440732e-05,2.495748360624248e-13,0.0,True,log,5e+21,5e+20,96,Colleoni,Wael,T,False
output96Cp55_ICE6G_Wael_S,105,-32.21670240369615,6.555353499156393,8.251213411144185,2.014927604918093e-05,1.9098682939553406e-13,0.0,True,log,5e+21,5e+20,96,ICE6G,Wael,S,False
output71Cp57_Lambeck_Wael_T,106,-32.23813141841492,8.355253505032401,8.272642425862962,1.9722090347438757e-05,5.622075723265345e-13,0.0,True,log,7e+21,5e+20,71,Lambeck,Wael,T,False
output71Cp520_ICE6G_Wael_S,107,-32.28412060612866,7.0338259228928095,8.318631613576699,1.8835627519016315e-05,6.545774444846787e-13,0.0,True,log,2e+22,5e+20,71,ICE6G,Wael,S,False
output96Cp33_Lambeck_Wael_T,108,-32.28922245852149,8.173246569316813,8.323733465969532,1.873977564664991e-05,5.266807622566214e-13,0.0,True,log,3e+21,3e+20,96,Lambeck,Wael,T,False
output96Cp35_Lambeck_Wael_T,109,-32.30135487795943,9.113842183655432,8.335865885407472,1.8513790473779065e-05,3.774688315515917e-13,0.0,True,log,5e+21,3e+20,96,Lambeck,Wael,T,False
output71Cp55_Colleoni_Wael_T,110,-32.34741442038282,8.169211408550808,8.381925427830858,1.7680394016817905e-05,4.627326305554586e-13,0.0,True,log,5e+21,5e+20,71,Colleoni,Wael,T,False
output71Cp55_Lambeck_Wael_T,111,-32.45005313615017,8.124562757898698,8.484564143598206,1.595572385460625e-05,3.3483718592158526e-13,0.0,True,log,5e+21,5e+20,71,Lambeck,Wael,T,False
output71Cp55_ICE6G_Wael_S,112,-32.47327349908992,6.654423869156517,8.50778450653796,1.5589494599154614e-05,3.845741256220564e-13,0.0,True,log,5e+21,5e+20,71,ICE6G,Wael,S,False
output71Cp35_Colleoni_Wael_T,113,-32.49658947696472,9.339989785054133,8.531100484412761,1.523021504137024e-05,5.786565223153487e-13,0.0,True,log,5e+21,3e+20,71,Colleoni,Wael,T,False
output96Cp510_ICE6G_Wael_S,114,-32.54474660964837,7.542767720699921,8.57925761709641,1.4514151713584948e-05,1.0573319987994062e-13,0.0,True,log,1e+22,5e+20,96,ICE6G,Wael,S,False
output71Cp530_ICE6G_Wael_S,115,-32.67687799042863,7.473363620854606,8.711388997876668,1.2717675187562743e-05,5.249328443426162e-13,0.0,True,log,3e+22,5e+20,71,ICE6G,Wael,S,False
output71Cp510_ICE6G_Wael_S,116,-32.765899528784786,7.346729216010985,8.800410536232825,1.1634458261695322e-05,2.231262585910949e-14,0.0,True,log,1e+22,5e+20,71,ICE6G,Wael,S,False
output48Cp320_Lambeck_Wael_T,117,-32.817412254862816,8.430519474350866,8.851923262310855,1.1050310294285203e-05,1.247874180312124e-13,0.0,True,log,2e+22,3e+20,48,Lambeck,Wael,T,False
output71Cp310_ICE6G_Wael_S,118,-32.87944608074114,6.8633432828344425,8.913957088189179,1.0385646229782607e-05,1.8430782116489233e-13,0.0,True,log,1e+22,3e+20,71,ICE6G,Wael,S,False
output48Cp310_Colleoni_Wael_T,119,-32.880806047488896,8.234205426067877,8.915317054936935,1.0371531696079825e-05,1.629920221525224e-13,0.0,True,log,1e+22,3e+20,48,Colleoni,Wael,T,False
output71Cp33_Lambeck_Wael_T,120,-32.90885146146353,8.359248727387449,8.943362468911566,1.008469877052456e-05,4.196588200630692e-13,0.0,True,log,3e+21,3e+20,71,Lambeck,Wael,T,False
output96Cp37_ICE6G_Wael_T,121,-32.91850950652466,6.968943623813082,8.953020513972696,9.987769124264317e-06,7.167779945729255e-13,0.0,True,log,7e+21,3e+20,96,ICE6G,Wael,T,False
output96Cp35_Colleoni_Wael_T,122,-32.9552020081186,10.29190176582112,8.989713015566636,9.627934869916423e-06,3.916794245283798e-13,0.0,True,log,5e+21,3e+20,96,Colleoni,Wael,T,False
output96Cp33_Colleoni_Wael_T,123,-33.06709660650845,9.403756009456774,9.101607613956489,8.608707205819449e-06,4.058900358327546e-13,0.0,True,log,3e+21,3e+20,96,Colleoni,Wael,T,False
output71Cp33_Colleoni_Wael_T,124,-33.08511502234978,8.977912911388508,9.119626029797821,8.454981049514882e-06,5.928673488313129e-13,0.0,True,log,3e+21,3e+20,71,Colleoni,Wael,T,False
output71Cp53_Lambeck_Wael_T,125,-33.164230342486604,7.736541861133016,9.198741349934643,7.811839135874473e-06,6.048397950739062e-13,0.0,True,log,3e+21,5e+20,71,Lambeck,Wael,T,False
output48Cp330_Colleoni_Wael_T,126,-33.16439229782785,8.9278258680047,9.198903305275891,7.810574069246546e-06,5.226871969944057e-13,0.0,True,log,3e+22,3e+20,48,Colleoni,Wael,T,False
output48Cp37_Colleoni_Wael_T,127,-33.19435954781981,8.132376771457096,9.228870555267846,7.579984960453394e-06,1.461029041550056e-13,0.0,True,log,7e+21,3e+20,48,Colleoni,Wael,T,False
output96Cp53_Colleoni_Wael_T,128,-33.20000277927932,8.886463291496192,9.234513786727362,7.537329820475776e-06,8.304643122258854e-13,0.0,True,log,3e+21,5e+20,96,Colleoni,Wael,T,False
output96Cp320_ICE6G_Wael_S,129,-33.20715545812224,6.984908808321414,9.241666465570276,7.483610070026588e-06,4.840486534789387e-13,0.0,True,log,2e+22,3e+20,96,ICE6G,Wael,S,False
output48Cp320_Colleoni_Wael_T,130,-33.229680667354614,8.646930898770506,9.264191674802653,7.316924548264777e-06,2.7044574056714354e-13,0.0,True,log,2e+22,3e+20,48,Colleoni,Wael,T,False
output48Cp310_Lambeck_Wael_T,131,-33.24014545839813,8.596292387090365,9.27465646584617,7.240753712857069e-06,4.187848558834372e-13,0.0,True,log,1e+22,3e+20,48,Lambeck,Wael,T,False
output96Cp330_ICE6G_Wael_S,132,-33.297949156643135,7.183817729616884,9.332460164091174,6.8340782704335755e-06,6.030918729923649e-13,0.0,True,log,3e+22,3e+20,96,ICE6G,Wael,S,False
output48Cp330_Lambeck_Wael_T,133,-33.36114277254319,8.977956828158725,9.395653779991228,6.41557091390911e-06,3.8660479420422414e-14,0.0,True,log,3e+22,3e+20,48,Lambeck,Wael,T,False
output71Cp57_Colleoni_Wael_T,134,-33.380530264718544,9.550109252511774,9.415041272166583,6.292387054522488e-06,4.343113062281459e-13,0.0,True,log,7e+21,5e+20,71,Colleoni,Wael,T,False
output71Cp520_Lambeck_Wael_T,135,-33.40222209720042,9.249763038832661,9.43673310464846,6.157363398301907e-06,5.817757563552367e-13,0.0,True,log,2e+22,5e+20,71,Lambeck,Wael,T,False
output48Cp55_Colleoni_Wael_T,136,-33.43612972581447,7.307756407487126,9.470640733262506,5.9520817811478725e-06,2.1715565311407295e-13,0.0,True,log,5e+21,5e+20,48,Colleoni,Wael,T,False
output71Cp53_ICE6G_Wael_S,137,-33.44445325574595,7.235225085463455,9.478964263193987,5.902745062955014e-06,2.975631327517266e-13,0.0,True,log,3e+21,5e+20,71,ICE6G,Wael,S,False
output96Cp35_ICE6G_Wael_S,138,-33.46114932756127,7.262523372638981,9.495660335009312,5.8050105688941285e-06,2.123016798591622e-13,0.0,True,log,5e+21,3e+20,96,ICE6G,Wael,S,False
output96Cp310_ICE6G_Wael_S,139,-33.526538620930886,7.676711210490524,9.561049628378925,5.437569306911199e-06,5.195754056042343e-13,0.0,True,log,1e+22,3e+20,96,ICE6G,Wael,S,False
output71Cp35_ICE6G_Wael_S,140,-33.556050207948985,7.549481934388215,9.590561215397024,5.279442766040936e-06,1.6741859296079263e-13,0.0,True,log,5e+21,3e+20,71,ICE6G,Wael,S,False
output71Cp53_Colleoni_Wael_T,141,-33.57189396233647,8.479511430513686,9.606404969784506,5.196455720709591e-06,3.3308929346836877e-13,0.0,True,log,3e+21,5e+20,71,Colleoni,Wael,T,False
output96Cp37_ICE6G_Wael_S,142,-33.603197979418596,7.680190050289703,9.637708986866635,5.036305532119243e-06,3.2773193488264e-13,0.0,True,log,7e+21,3e+20,96,ICE6G,Wael,S,False
output96Cp53_ICE6G_Wael_S,143,-33.603458600248445,7.337881870088573,9.637969607696483,5.034993137018304e-06,2.1404951024594793e-13,0.0,True,log,3e+21,5e+20,96,ICE6G,Wael,S,False
output71Cp510_Colleoni_Wael_T,144,-33.766217441568834,10.122350022780438,9.800728449016873,4.278717528398522e-06,3.561529812496278e-13,0.0,True,log,1e+22,5e+20,71,Colleoni,Wael,T,False
output71Cp57_ICE6G_Wael_S,145,-33.77441592623556,8.161470824159991,9.808926933683601,4.243781933501485e-06,4.556272949694498e-13,0.0,True,log,7e+21,5e+20,71,ICE6G,Wael,S,False
output48Cp530_Lambeck_Wael_T,146,-33.794081546939196,8.343435741495739,9.828592554387235,4.161140587681481e-06,1.780764906248139e-13,0.0,True,log,3e+22,5e+20,48,Lambeck,Wael,T,False
output71Cp37_ICE6G_Wael_S,147,-33.80564078824815,7.856078490535694,9.840151795696187,4.113317889053577e-06,5.195754056042343e-13,0.0,True,log,7e+21,3e+20,71,ICE6G,Wael,S,False
output71Cp330_ICE6G_Wael_S,148,-33.850413905411074,7.542103260282001,9.884924912859113,3.933213821399716e-06,5.111551177769456e-13,0.0,True,log,3e+22,3e+20,71,ICE6G,Wael,S,False
output48Cp510_Lambeck_Wael_T,149,-33.853473904170485,8.108336965030158,9.887984911618524,3.9211965877228175e-06,2.0562372033047675e-13,0.0,True,log,1e+22,5e+20,48,Lambeck,Wael,T,False
output71Cp33_ICE6G_Wael_S,150,-33.87854054705873,7.653126671831018,9.913051554506772,3.82412703965474e-06,6.63921499518766e-13,0.0,True,log,3e+21,3e+20,71,ICE6G,Wael,S,False
output48Cp35_Colleoni_Wael_T,151,-33.885940922990315,8.362153315983257,9.920451930438354,3.795931519354612e-06,3.059725850782531e-13,0.0,True,log,5e+21,3e+20,48,Colleoni,Wael,T,False
output71Cp330_ICE6G_Wael_T,152,-33.89342492242808,7.975530709723461,9.92793592987612,3.7676288108285234e-06,6.505846333883892e-13,0.0,True,log,3e+22,3e+20,71,ICE6G,Wael,T,False
output96Cp520_ICE6G_Wael_T,153,-33.92486037628811,8.488165452779537,9.959371383736148,3.651033897507114e-06,5.391435623261111e-13,0.0,True,log,2e+22,5e+20,96,ICE6G,Wael,T,False
output96Cp33_ICE6G_Wael_S,154,-33.99079894214333,7.514734520100614,10.025309949591367,3.418055496897671e-06,6.528295204930622e-13,0.0,True,log,3e+21,3e+20,96,ICE6G,Wael,S,False
output71Cp310_Colleoni_Wael_T,155,-34.02634536374791,11.607363843184466,10.060856371195946,3.298689932881732e-06,6.186102643642412e-13,0.0,True,log,1e+22,3e+20,71,Colleoni,Wael,T,False
output48Cp33_Colleoni_Wael_T,156,-34.08679728595392,7.779629691583899,10.12130829340196,3.1051855666285517e-06,4.054480222049604e-13,0.0,True,log,3e+21,3e+20,48,Colleoni,Wael,T,False
output48Cp35_Lambeck_Wael_T,157,-34.09943761026852,8.72684581900107,10.133948617716555,3.066182041933524e-06,1.3544512977718996e-13,0.0,True,log,5e+21,3e+20,48,Lambeck,Wael,T,False
output48Cp520_Lambeck_Wael_T,158,-34.14013774860442,8.569808968824866,10.174648756052456,2.943893470025574e-06,2.5891374408256214e-13,0.0,True,log,2e+22,5e+20,48,Lambeck,Wael,T,False
output96Cp57_ICE6G_Wael_T,159,-34.20297027232397,8.217258821391201,10.237481279772005,2.7646125291707354e-06,1.008099418386949e-12,0.0,True,log,7e+21,5e+20,96,ICE6G,Wael,T,False
output48Cp57_Colleoni_Wael_T,160,-34.31007095336699,8.46464045675216,10.344581960815027,2.4838252466246946e-06,3.94789926497572e-13,0.0,True,log,7e+21,5e+20,48,Colleoni,Wael,T,False
output96Cp530_ICE6G_Wael_T,161,-34.32146591975691,8.892618262140385,10.35597692720495,2.4556827871241746e-06,3.3308929346836877e-13,0.0,True,log,3e+22,5e+20,96,ICE6G,Wael,T,False
output96Cp320_ICE6G_Wael_T,162,-34.37534112185835,8.593135520824355,10.409852129306387,2.326883087905551e-06,8.819500474425061e-13,0.0,True,log,2e+22,3e+20,96,ICE6G,Wael,T,False
output48Cp520_Colleoni_Wael_T,163,-34.42323754952609,8.774335609138788,10.457748556974131,2.2180606074757995e-06,5.724250753296871e-13,0.0,True,log,2e+22,5e+20,48,Colleoni,Wael,T,False
output48Cp37_Lambeck_Wael_T,164,-34.43908168801668,9.571450794123816,10.473592695464717,2.1831942907963058e-06,5.19134492228815e-13,0.0,True,log,7e+21,3e+20,48,Lambeck,Wael,T,False
output48Cp55_Lambeck_Wael_T,165,-34.4760923927624,8.202487780829859,10.510603400210442,2.1038697153598368e-06,3.654943877164642e-13,0.0,True,log,5e+21,5e+20,48,Lambeck,Wael,T,False
output71Cp530_Colleoni_Wael_T,166,-34.50698866846642,10.53630825886168,10.541499675914459,2.039861870239357e-06,4.982593477465136e-13,0.0,True,log,3e+22,5e+20,71,Colleoni,Wael,T,False
output48Cp33_Lambeck_Wael_T,167,-34.62539051095445,8.471235101611299,10.659901518402492,1.8120888713348941e-06,4.4010105922193384e-13,0.0,True,log,3e+21,3e+20,48,Lambeck,Wael,T,False
output48Cp35_ICE6G_Wael_S,168,-34.68828865229731,8.533276500648341,10.722799659745348,1.7016223356236256e-06,2.8022982615113936e-13,0.0,True,log,5e+21,3e+20,48,ICE6G,Wael,S,False
output96Cp310_ICE6G_Wael_T,169,-34.71827114676349,8.810047802942975,10.75278215421153,1.6513607030899359e-06,6.101972477732801e-13,0.0,True,log,1e+22,3e+20,96,ICE6G,Wael,T,False
output71Cp320_ICE6G_Wael_T,170,-34.83299241508684,8.970946411333536,10.867503422534881,1.4723773631334973e-06,2.988672106170575e-13,0.0,True,log,2e+22,3e+20,71,ICE6G,Wael,T,False
output96Cp55_ICE6G_Wael_T,171,-34.891610867714,8.763825913849587,10.926121875162039,1.3885498034506074e-06,5.479968432150487e-13,0.0,True,log,5e+21,5e+20,96,ICE6G,Wael,T,False
output96Cp510_ICE6G_Wael_T,172,-34.936931425471236,9.244928003656028,10.971442432919275,1.3270246592620304e-06,4.609847177389295e-13,0.0,True,log,1e+22,5e+20,96,ICE6G,Wael,T,False
output71Cp37_ICE6G_Wael_T,173,-34.93711858671977,8.734521104989678,10.971629594167808,1.3267763149109204e-06,2.851006132075999e-13,0.0,True,log,7e+21,3e+20,71,ICE6G,Wael,T,False
output96Cp33_ICE6G_Wael_T,174,-34.97582203008073,8.8861192102454,11.010333037528767,1.2764065324537381e-06,9.157291352082813e-13,0.0,True,log,3e+21,3e+20,96,ICE6G,Wael,T,False
output48Cp57_Lambeck_Wael_T,175,-34.97900229992861,9.183834047639408,11.013513307376648,1.2723536632696928e-06,3.690470834647012e-13,0.0,True,log,7e+21,5e+20,48,Lambeck,Wael,T,False
output71Cp35_ICE6G_Wael_T,176,-34.99081965078509,8.595662806593165,11.02533065823313,1.2574063066453138e-06,1.3812377841387403e-13,0.0,True,log,5e+21,3e+20,71,ICE6G,Wael,T,False
output48Cp330_ICE6G_Wael_T,177,-35.124001609166946,8.163871113278741,11.158512616614985,1.1006150437118183e-06,4.3031692092107155e-13,0.0,True,log,3e+22,3e+20,48,ICE6G,Wael,T,False
output71Cp530_ICE6G_Wael_T,178,-35.17383564686618,8.799471310501264,11.20834665431422,1.047111181187853e-06,2.691423897093554e-13,0.0,True,log,3e+22,5e+20,71,ICE6G,Wael,T,False
output48Cp510_ICE6G_Wael_S,179,-35.17966517291077,8.479332288179044,11.214176180358805,1.0410247769479516e-06,1.212348642223416e-13,0.0,True,log,1e+22,5e+20,48,ICE6G,Wael,S,False
output48Cp55_ICE6G_Wael_S,180,-35.216312602948605,8.48187798930001,11.250823610396644,1.003564498181968e-06,6.497106672309645e-13,0.0,True,log,5e+21,5e+20,48,ICE6G,Wael,S,False
output48Cp37_ICE6G_Wael_S,181,-35.21678820733855,8.856906809518659,11.251299214786592,1.0030873119859417e-06,3.059725850782531e-13,0.0,True,log,7e+21,3e+20,48,ICE6G,Wael,S,False
output71Cp320_ICE6G_Wael_S,182,-35.22126076944956,9.068850988878975,11.255771776897596,9.986109595245234e-07,3.770264393470394e-13,0.0,True,log,2e+22,3e+20,71,ICE6G,Wael,S,False
output48Cp53_Lambeck_Wael_T,183,-35.230550072688146,8.24523658380344,11.265061080136185,9.893775120478639e-07,4.152321561129427e-13,0.0,True,log,3e+21,5e+20,48,Lambeck,Wael,T,False
output71Cp57_ICE6G_Wael_T,184,-35.23140228125331,8.492392965448339,11.265913288701348,9.885347152282876e-07,5.0665732941126886e-14,0.0,True,log,7e+21,5e+20,71,ICE6G,Wael,T,False
output71Cp310_ICE6G_Wael_T,185,-35.31738368376343,9.211938716622498,11.35189469121147,9.070906215061184e-07,6.079521426204267e-13,0.0,True,log,1e+22,3e+20,71,ICE6G,Wael,T,False
output48Cp33_ICE6G_Wael_S,186,-35.353515756738275,9.098736111360715,11.388026764186314,8.749006049889301e-07,4.4808042659858923e-13,0.0,True,log,3e+21,3e+20,48,ICE6G,Wael,S,False
output71Cp520_ICE6G_Wael_T,187,-35.42115840192875,8.912723889135098,11.455669409376789,8.176772022273328e-07,1.9098682939553406e-13,0.0,True,log,2e+22,5e+20,71,ICE6G,Wael,T,False
output48Cp53_ICE6G_Wael_S,188,-35.50278184439574,8.812387732910985,11.53729285184378,7.535867930400882e-07,4.649699722409175e-13,0.0,True,log,3e+21,5e+20,48,ICE6G,Wael,S,False
output48Cp330_ICE6G_Wael_S,189,-35.51746647254714,8.730810294470835,11.55197747999518,7.42601506035248e-07,3.8325786978188586e-13,0.0,True,log,3e+22,3e+20,48,ICE6G,Wael,S,False
output96Cp35_ICE6G_Wael_T,190,-35.56764422965972,9.409264628062623,11.602155237107759,7.062588495267306e-07,2.7799542997765315e-13,0.0,True,log,5e+21,3e+20,96,ICE6G,Wael,T,False
output48Cp510_Colleoni_Wael_T,191,-35.575260263563884,9.877191348542713,11.609771271011923,7.00900389192411e-07,1.3899771498882658e-13,0.0,True,log,1e+22,5e+20,48,Colleoni,Wael,T,False
output71Cp510_ICE6G_Wael_T,192,-35.581620997415584,8.837878057908576,11.616132004863623,6.964562971870025e-07,7.682636666111607e-13,0.0,True,log,1e+22,5e+20,71,ICE6G,Wael,T,False
output48Cp530_ICE6G_Wael_S,193,-35.58369613819813,9.116202820940806,11.618207145646167,6.950125508280199e-07,1.4255030660379996e-13,0.0,True,log,3e+22,5e+20,48,ICE6G,Wael,S,False
output71Cp33_ICE6G_Wael_T,194,-35.605856512025085,9.131891587159672,11.640367519473124,6.797802133888648e-07,6.710269160188883e-13,0.0,True,log,3e+21,3e+20,71,ICE6G,Wael,T,False
output48Cp310_ICE6G_Wael_T,195,-35.70270603430748,8.466075731601215,11.737217041755521,6.170314580115976e-07,2.5268234913206114e-13,0.0,True,log,1e+22,3e+20,48,ICE6G,Wael,T,False
output48Cp57_ICE6G_Wael_S,196,-35.70566102881318,8.951558225081314,11.740172036261221,6.152108247487605e-07,5.901886079291893e-13,0.0,True,log,7e+21,5e+20,48,ICE6G,Wael,S,False
output48Cp310_ICE6G_Wael_S,197,-35.816746375727426,9.339216661961238,11.851257383175465,5.50529017870285e-07,5.297926068842108e-13,0.0,True,log,1e+22,3e+20,48,ICE6G,Wael,S,False
output48Cp53_Colleoni_Wael_T,198,-36.12620725849135,9.053254827921613,12.160718265939387,4.040015779837446e-07,5.901886079291893e-13,0.0,True,log,3e+21,5e+20,48,Colleoni,Wael,T,False
output96Cp53_ICE6G_Wael_T,199,-36.18543307397505,9.859379655717586,12.219944081423087,3.8076902906401204e-07,6.173026237645527e-13,0.0,True,log,3e+21,5e+20,96,ICE6G,Wael,T,False
output48Cp530_Colleoni_Wael_T,200,-36.206867754279905,10.65270673153617,12.241378761727944,3.726942163297737e-07,3.3794679767953983e-13,0.0,True,log,3e+22,5e+20,48,Colleoni,Wael,T,False
output71Cp53_ICE6G_Wael_T,201,-36.24950120538551,9.345776413073935,12.284012212833552,3.5713891972125e-07,4.4852196229108985e-13,0.0,True,log,3e+21,5e+20,71,ICE6G,Wael,T,False
output96Cp330_ICE6G_Wael_T,202,-36.435316098399234,10.798606921687089,12.469827105847273,2.965779083469894e-07,3.117735703447471e-13,0.0,True,log,3e+22,3e+20,96,ICE6G,Wael,T,False
output48Cp37_ICE6G_Wael_T,203,-36.462715381071,9.009726270193969,12.497226388519039,2.885622001857448e-07,1.8430782116489233e-13,0.0,True,log,7e+21,3e+20,48,ICE6G,Wael,T,False
output48Cp35_ICE6G_Wael_T,204,-36.69919141062764,9.20143398644695,12.73370241807568,2.2779238721169448e-07,3.79705172722616e-13,0.0,True,log,5e+21,3e+20,48,ICE6G,Wael,T,False
output48Cp520_ICE6G_Wael_S,205,-36.73238787194266,9.969361391698424,12.766898879390702,2.2035462279638021e-07,4.898388936605153e-13,0.0,True,log,2e+22,5e+20,48,ICE6G,Wael,S,False
output48Cp33_ICE6G_Wael_T,206,-36.87462248136296,9.333666284496509,12.909133488811001,1.911395063135886e-07,1.4965550721969175e-13,0.0,True,log,3e+21,3e+20,48,ICE6G,Wael,T,False
output48Cp55_ICE6G_Wael_T,207,-36.90040636437987,8.526056616089836,12.934917371827908,1.8627418067597402e-07,4.6939663967739e-13,0.0,True,log,5e+21,5e+20,48,ICE6G,Wael,T,False
output48Cp510_ICE6G_Wael_T,208,-36.90925154019327,8.590422522287785,12.943762547641306,1.8463381814067344e-07,3.6281565535449664e-13,0.0,True,log,1e+22,5e+20,48,ICE6G,Wael,T,False
output48Cp530_ICE6G_Wael_T,209,-36.97225368806453,9.066906155296973,13.006764695512565,1.733603462093813e-07,1.2746604949592728e-13,0.0,True,log,3e+22,5e+20,48,ICE6G,Wael,T,False
output48Cp320_ICE6G_Wael_S,210,-37.01740851711147,10.321552159288597,13.051919524559509,1.6570639627621313e-07,2.445985961313145e-14,0.0,True,log,2e+22,3e+20,48,ICE6G,Wael,S,False
output48Cp53_ICE6G_Wael_T,211,-37.30022906006507,9.04013003941072,13.33474006751311,1.2488545813366872e-07,2.7312446199284383e-13,0.0,True,log,3e+21,5e+20,48,ICE6G,Wael,T,False
output48Cp320_ICE6G_Wael_T,212,-37.36097594814794,10.326901208231618,13.395486955595977,1.1752488450672079e-07,4.898388936605153e-13,0.0,True,log,2e+22,3e+20,48,ICE6G,Wael,T,False
output71Cp55_ICE6G_Wael_T,213,-37.5510285392247,10.547354492245049,13.585539546672742,9.71831656067522e-08,1.7677712088839828e-13,0.0,True,log,5e+21,5e+20,71,ICE6G,Wael,T,False
output48Cp520_ICE6G_Wael_T,214,-37.775308993523915,9.671299388282847,13.809820000971953,7.76581924470855e-08,2.953145243409933e-13,0.0,True,log,2e+22,5e+20,48,ICE6G,Wael,T,False
output48Cp57_ICE6G_Wael_T,215,-37.82360298657179,9.49754562401041,13.858113994019831,7.399688929550787e-08,2.953145243409933e-13,0.0,True,log,7e+21,5e+20,48,ICE6G,Wael,T,False
